source,target
https://openalex.org/W4390696040,https://openalex.org/W4221062318
https://openalex.org/W4390696040,https://openalex.org/W4320481812
https://openalex.org/W4390696040,https://openalex.org/W4366982703
https://openalex.org/W4411505139,https://openalex.org/W3136511286
https://openalex.org/W4411505139,https://openalex.org/W3169520380
https://openalex.org/W4411505139,https://openalex.org/W4224241643
https://openalex.org/W4411505139,https://openalex.org/W4281767172
https://openalex.org/W4411505139,https://openalex.org/W4396640037
https://openalex.org/W4411505139,https://openalex.org/W4400003130
https://openalex.org/W4411505139,https://openalex.org/W4400831456
https://openalex.org/W4411505139,https://openalex.org/W4401062291
https://openalex.org/W3187100460,https://openalex.org/W3189199117
https://openalex.org/W3187100460,https://openalex.org/W4210693348
https://openalex.org/W4206761975,https://openalex.org/W3133671857
https://openalex.org/W4385741065,https://openalex.org/W3126627207
https://openalex.org/W4385741065,https://openalex.org/W3134314150
https://openalex.org/W4385741065,https://openalex.org/W4283793747
https://openalex.org/W4385741065,https://openalex.org/W4285594379
https://openalex.org/W4385741065,https://openalex.org/W4298126387
https://openalex.org/W4385741065,https://openalex.org/W4312094454
https://openalex.org/W4385741065,https://openalex.org/W4380870855
https://openalex.org/W4411290764,https://openalex.org/W4392158813
https://openalex.org/W7171399534,https://openalex.org/W4310163492
https://openalex.org/W7171399534,https://openalex.org/W4387234575
https://openalex.org/W7171399534,https://openalex.org/W4403253117
https://openalex.org/W7171399534,https://openalex.org/W4406526770
https://openalex.org/W7171399534,https://openalex.org/W4407797891
https://openalex.org/W4220893757,https://openalex.org/W3187769763
https://openalex.org/W4394674902,https://openalex.org/W3188985572
https://openalex.org/W4394674902,https://openalex.org/W4281740949
https://openalex.org/W4394674902,https://openalex.org/W4312093661
https://openalex.org/W4394674902,https://openalex.org/W4380446416
https://openalex.org/W4394674902,https://openalex.org/W4386884537
https://openalex.org/W4405171704,https://openalex.org/W4311843033
https://openalex.org/W4392737034,https://openalex.org/W3212635500
https://openalex.org/W4392737034,https://openalex.org/W4292379602
https://openalex.org/W4392737034,https://openalex.org/W4292651677
https://openalex.org/W4392737034,https://openalex.org/W4317473277
https://openalex.org/W4392737034,https://openalex.org/W4383558567
https://openalex.org/W4392737034,https://openalex.org/W4390839238
https://openalex.org/W4379208857,https://openalex.org/W3155550370
https://openalex.org/W4379208857,https://openalex.org/W3155806984
https://openalex.org/W4379208857,https://openalex.org/W3212937751
https://openalex.org/W4379208857,https://openalex.org/W4223438099
https://openalex.org/W4402462924,https://openalex.org/W4200141076
https://openalex.org/W4402462924,https://openalex.org/W4220746953
https://openalex.org/W4402462924,https://openalex.org/W4294031233
https://openalex.org/W4402462924,https://openalex.org/W4382344315
https://openalex.org/W4293580379,https://openalex.org/W3119288284
https://openalex.org/W4406973526,https://openalex.org/W4394995738
https://openalex.org/W7143741927,https://openalex.org/W3187751888
https://openalex.org/W7143741927,https://openalex.org/W4393933611
https://openalex.org/W7143741927,https://openalex.org/W4414493500
https://openalex.org/W7128809025,https://openalex.org/W3187441665
https://openalex.org/W7128809025,https://openalex.org/W3206004330
https://openalex.org/W7128809025,https://openalex.org/W4377138683
https://openalex.org/W7128809025,https://openalex.org/W4391922549
https://openalex.org/W4293254878,https://openalex.org/W3200399849
https://openalex.org/W4293254878,https://openalex.org/W3204258010
https://openalex.org/W3201656105,https://openalex.org/W3125602806
https://openalex.org/W4309890128,https://openalex.org/W4225463282
https://openalex.org/W4406968264,https://openalex.org/W3206318277
https://openalex.org/W4406968264,https://openalex.org/W4321492896
https://openalex.org/W4406968264,https://openalex.org/W4388990557
https://openalex.org/W4406968264,https://openalex.org/W4394750156
https://openalex.org/W7169845212,https://openalex.org/W3194373380
https://openalex.org/W7169845212,https://openalex.org/W4377823567
https://openalex.org/W7169845212,https://openalex.org/W4396641340
https://openalex.org/W7169845212,https://openalex.org/W4396808380
https://openalex.org/W7169845212,https://openalex.org/W4413121720
https://openalex.org/W7169845212,https://openalex.org/W7104546841
https://openalex.org/W7169845212,https://openalex.org/W7162658453
https://openalex.org/W7169845212,https://openalex.org/W7163141458
https://openalex.org/W4379599077,https://openalex.org/W4379599077
https://openalex.org/W7140804848,https://openalex.org/W4401274400
https://openalex.org/W7140804848,https://openalex.org/W4414005108
https://openalex.org/W4225680457,https://openalex.org/W3166835521
https://openalex.org/W4407736609,https://openalex.org/W4399113395
https://openalex.org/W4409771974,https://openalex.org/W3138397194
https://openalex.org/W4409771974,https://openalex.org/W3155407021
https://openalex.org/W4409771974,https://openalex.org/W4206292609
https://openalex.org/W4409771974,https://openalex.org/W4306809803
https://openalex.org/W4401211854,https://openalex.org/W4281772265
https://openalex.org/W4401211854,https://openalex.org/W4381433107
https://openalex.org/W4401211854,https://openalex.org/W4390507522
https://openalex.org/W4295366735,https://openalex.org/W3119232002
https://openalex.org/W4295366735,https://openalex.org/W3166304050
https://openalex.org/W4415565896,https://openalex.org/W4232237566
https://openalex.org/W4415565896,https://openalex.org/W4281263642
https://openalex.org/W4415565896,https://openalex.org/W4292092839
https://openalex.org/W4415565896,https://openalex.org/W4400405673
https://openalex.org/W7126098587,https://openalex.org/W3198535020
https://openalex.org/W7126098587,https://openalex.org/W4229002009
https://openalex.org/W7126098587,https://openalex.org/W4281740949
https://openalex.org/W7126098587,https://openalex.org/W4386209286
https://openalex.org/W7126098587,https://openalex.org/W4386884537
https://openalex.org/W7126098587,https://openalex.org/W4394674902
https://openalex.org/W7126098587,https://openalex.org/W4402192292
https://openalex.org/W7126098587,https://openalex.org/W4411545889
https://openalex.org/W7126098587,https://openalex.org/W4413353034
https://openalex.org/W4392904897,https://openalex.org/W4207061014
https://openalex.org/W4392904897,https://openalex.org/W4211148329
https://openalex.org/W4392904897,https://openalex.org/W4392904897
https://openalex.org/W4408884599,https://openalex.org/W3173000904
https://openalex.org/W4408884599,https://openalex.org/W4224241728
https://openalex.org/W4408884599,https://openalex.org/W4224306587
https://openalex.org/W4408884599,https://openalex.org/W4385264584
https://openalex.org/W4408884599,https://openalex.org/W4385898289
https://openalex.org/W4408884599,https://openalex.org/W4394753245
https://openalex.org/W4317401676,https://openalex.org/W3200836850
https://openalex.org/W4396916690,https://openalex.org/W4307171279
https://openalex.org/W4414818906,https://openalex.org/W4394905311
https://openalex.org/W4405723534,https://openalex.org/W3135485603
https://openalex.org/W4405723534,https://openalex.org/W4387950158
https://openalex.org/W4405725232,https://openalex.org/W4391474836
https://openalex.org/W4405725232,https://openalex.org/W4405725232
https://openalex.org/W4405660852,https://openalex.org/W4405637600
https://openalex.org/W4412981342,https://openalex.org/W4213326116
https://openalex.org/W4412981342,https://openalex.org/W4319594795
https://openalex.org/W4403559022,https://openalex.org/W4200276120
https://openalex.org/W4225330091,https://openalex.org/W4207077446
https://openalex.org/W4319600764,https://openalex.org/W4280625250
https://openalex.org/W3179029228,https://openalex.org/W3179029228
https://openalex.org/W4417460330,https://openalex.org/W4385411273
https://openalex.org/W4417460330,https://openalex.org/W4392546441
https://openalex.org/W4408161681,https://openalex.org/W4407987573
https://openalex.org/W4408161681,https://openalex.org/W4407987811
https://openalex.org/W4392169370,https://openalex.org/W3137942294
https://openalex.org/W4392169370,https://openalex.org/W4376225899
https://openalex.org/W4417206532,https://openalex.org/W3163541934
https://openalex.org/W4417206532,https://openalex.org/W4280548475
https://openalex.org/W4417206532,https://openalex.org/W4313366978
https://openalex.org/W4417206532,https://openalex.org/W4387900153
https://openalex.org/W4417206532,https://openalex.org/W7114791902
https://openalex.org/W4297541878,https://openalex.org/W3178648211
https://openalex.org/W4297541878,https://openalex.org/W4281395656
https://openalex.org/W4386882758,https://openalex.org/W4205711751
https://openalex.org/W4411917985,https://openalex.org/W4210310905
https://openalex.org/W4411917985,https://openalex.org/W4312245218
https://openalex.org/W7160265672,https://openalex.org/W4391145469
https://openalex.org/W7160265672,https://openalex.org/W4406288367
https://openalex.org/W7160265672,https://openalex.org/W4410038996
https://openalex.org/W7160265672,https://openalex.org/W7117299631
https://openalex.org/W4403304647,https://openalex.org/W4200201621
https://openalex.org/W4403304647,https://openalex.org/W4312192610
https://openalex.org/W4403304647,https://openalex.org/W4360847469
https://openalex.org/W4308905576,https://openalex.org/W4224441962
https://openalex.org/W4308905576,https://openalex.org/W4281749792
https://openalex.org/W4406703401,https://openalex.org/W4391235064
https://openalex.org/W4411459298,https://openalex.org/W4391401290
https://openalex.org/W4411459298,https://openalex.org/W4400654892
https://openalex.org/W4401614387,https://openalex.org/W4293080080
https://openalex.org/W4401614387,https://openalex.org/W4310113024
https://openalex.org/W4401614387,https://openalex.org/W4388659790
https://openalex.org/W4408746075,https://openalex.org/W4366423648
https://openalex.org/W4408746075,https://openalex.org/W4383913182
https://openalex.org/W4408746075,https://openalex.org/W4387823409
https://openalex.org/W4386554441,https://openalex.org/W4313557415
https://openalex.org/W4414405551,https://openalex.org/W4402270831
https://openalex.org/W4391557721,https://openalex.org/W4221140302
https://openalex.org/W4391557721,https://openalex.org/W4310449368
https://openalex.org/W4391557721,https://openalex.org/W4312219141
https://openalex.org/W4391557721,https://openalex.org/W4361029949
https://openalex.org/W4391557721,https://openalex.org/W4378842868
https://openalex.org/W4391557721,https://openalex.org/W4378843082
https://openalex.org/W4391557721,https://openalex.org/W4386159140
https://openalex.org/W4391557721,https://openalex.org/W4386260189
https://openalex.org/W4391557721,https://openalex.org/W4386260274
https://openalex.org/W4391557721,https://openalex.org/W4390416451
https://openalex.org/W4391557721,https://openalex.org/W4390416467
https://openalex.org/W4415419086,https://openalex.org/W3158602567
https://openalex.org/W4415419086,https://openalex.org/W4293767108
https://openalex.org/W4415419086,https://openalex.org/W4375865843
https://openalex.org/W3126276382,https://openalex.org/W3087962370
https://openalex.org/W4280548104,https://openalex.org/W3183296430
https://openalex.org/W4404629569,https://openalex.org/W4362543368
https://openalex.org/W4399167400,https://openalex.org/W3151634233
https://openalex.org/W4399167400,https://openalex.org/W3168917506
https://openalex.org/W4293809585,https://openalex.org/W3159958450
https://openalex.org/W4293809585,https://openalex.org/W3165685765
https://openalex.org/W4293809585,https://openalex.org/W4283080090
https://openalex.org/W3195358214,https://openalex.org/W3139798200
https://openalex.org/W7160262290,https://openalex.org/W4412561233
https://openalex.org/W4309847903,https://openalex.org/W3131569705
https://openalex.org/W4309847903,https://openalex.org/W3176493163
https://openalex.org/W4309847903,https://openalex.org/W4205711751
https://openalex.org/W4408612424,https://openalex.org/W4400002663
https://openalex.org/W4317631241,https://openalex.org/W3215226957
https://openalex.org/W4317631241,https://openalex.org/W4313240890
https://openalex.org/W4414456948,https://openalex.org/W4313466109
https://openalex.org/W4293716152,https://openalex.org/W4232237566
https://openalex.org/W3198152929,https://openalex.org/W3112618968
https://openalex.org/W4390416520,https://openalex.org/W4284886054
https://openalex.org/W7204131764,https://openalex.org/W7151094093
https://openalex.org/W4281251132,https://openalex.org/W3195678569
https://openalex.org/W4281251132,https://openalex.org/W3204165321
https://openalex.org/W4409490136,https://openalex.org/W4285494574
https://openalex.org/W4409490136,https://openalex.org/W4360599776
https://openalex.org/W4416616413,https://openalex.org/W4402472434
https://openalex.org/W4385452629,https://openalex.org/W4321770307
https://openalex.org/W4210644027,https://openalex.org/W3165060406
https://openalex.org/W4281655558,https://openalex.org/W3122308387
https://openalex.org/W7172351165,https://openalex.org/W4367046445
https://openalex.org/W7172351165,https://openalex.org/W4391155210
https://openalex.org/W4417212745,https://openalex.org/W4400533238
https://openalex.org/W4417212745,https://openalex.org/W4401211033
https://openalex.org/W4417212745,https://openalex.org/W4417432180
https://openalex.org/W4399428544,https://openalex.org/W4220657717
https://openalex.org/W4307525683,https://openalex.org/W4221156767
https://openalex.org/W2933508680,https://openalex.org/W3183861986
https://openalex.org/W2933508680,https://openalex.org/W3191581979
https://openalex.org/W7202212164,https://openalex.org/W3206235517
https://openalex.org/W7202212164,https://openalex.org/W4294597614
https://openalex.org/W7202212164,https://openalex.org/W4378445990
https://openalex.org/W7202212164,https://openalex.org/W4398236966
https://openalex.org/W7202212164,https://openalex.org/W4399365886
https://openalex.org/W7202212164,https://openalex.org/W4401766505
https://openalex.org/W7202212164,https://openalex.org/W4403718040
https://openalex.org/W7202212164,https://openalex.org/W4405698013
https://openalex.org/W7202212164,https://openalex.org/W4410373824
https://openalex.org/W7202212164,https://openalex.org/W4411177763
https://openalex.org/W7202212164,https://openalex.org/W4411992163
https://openalex.org/W7202212164,https://openalex.org/W4412758863
https://openalex.org/W4401458358,https://openalex.org/W4385241764
https://openalex.org/W4390952221,https://openalex.org/W4212933445
https://openalex.org/W7144169142,https://openalex.org/W4226157944
https://openalex.org/W4382502410,https://openalex.org/W3182279934
https://openalex.org/W4363678454,https://openalex.org/W3166835521
https://openalex.org/W4363678454,https://openalex.org/W4225680457
https://openalex.org/W3215325037,https://openalex.org/W3188456550
https://openalex.org/W4405950636,https://openalex.org/W3121026993
https://openalex.org/W4405950636,https://openalex.org/W4295846871
https://openalex.org/W4405950636,https://openalex.org/W4401039446
https://openalex.org/W4415337239,https://openalex.org/W4313466109
https://openalex.org/W7154625129,https://openalex.org/W4319295065
https://openalex.org/W4285386256,https://openalex.org/W3123457864
https://openalex.org/W4285386256,https://openalex.org/W3129127087
https://openalex.org/W4285386256,https://openalex.org/W4206252266
https://openalex.org/W4414770590,https://openalex.org/W3178566162
https://openalex.org/W4414770590,https://openalex.org/W4406207344
https://openalex.org/W4399866236,https://openalex.org/W4213252554
https://openalex.org/W4390416072,https://openalex.org/W4310521337
https://openalex.org/W3214875927,https://openalex.org/W3131392783
https://openalex.org/W3214875927,https://openalex.org/W3163441530
https://openalex.org/W3214875927,https://openalex.org/W3204462302
https://openalex.org/W4413430600,https://openalex.org/W4400088811
https://openalex.org/W4413430600,https://openalex.org/W4408662430
https://openalex.org/W7161133972,https://openalex.org/W4414380416
https://openalex.org/W4409156435,https://openalex.org/W3194296018
https://openalex.org/W4309204655,https://openalex.org/W3200688828
https://openalex.org/W7135073346,https://openalex.org/W4414041436
https://openalex.org/W4407304566,https://openalex.org/W4221140302
https://openalex.org/W4407304566,https://openalex.org/W4378843082
https://openalex.org/W4407304566,https://openalex.org/W4390416467
https://openalex.org/W4396578189,https://openalex.org/W3141744159
https://openalex.org/W4396578189,https://openalex.org/W4378834387
https://openalex.org/W4402588799,https://openalex.org/W4200061208
https://openalex.org/W4398143995,https://openalex.org/W4318999333
https://openalex.org/W7160901770,https://openalex.org/W3047942544
https://openalex.org/W7160901770,https://openalex.org/W3136777397
https://openalex.org/W7160901770,https://openalex.org/W4281624561
https://openalex.org/W4403453365,https://openalex.org/W4361000349
https://openalex.org/W4403453365,https://openalex.org/W4383302399
https://openalex.org/W4411245594,https://openalex.org/W3043992555
https://openalex.org/W4411245594,https://openalex.org/W4396604857
https://openalex.org/W4311019977,https://openalex.org/W3122208482
https://openalex.org/W4311019977,https://openalex.org/W3185120546
https://openalex.org/W7147744278,https://openalex.org/W4410451354
https://openalex.org/W4386698988,https://openalex.org/W4205170763
https://openalex.org/W4309720103,https://openalex.org/W4210857417
https://openalex.org/W4309720103,https://openalex.org/W4210935844
https://openalex.org/W4309720103,https://openalex.org/W4220893757
https://openalex.org/W4309720103,https://openalex.org/W4366993059
https://openalex.org/W4309720103,https://openalex.org/W4391514345
https://openalex.org/W4411648919,https://openalex.org/W3064787088
https://openalex.org/W4414621155,https://openalex.org/W3178960719
https://openalex.org/W4414621155,https://openalex.org/W4376983099
https://openalex.org/W4399678413,https://openalex.org/W3201799066
https://openalex.org/W4399678413,https://openalex.org/W4402027801
https://openalex.org/W3207010260,https://openalex.org/W3168940469
https://openalex.org/W4404569857,https://openalex.org/W4220947562
https://openalex.org/W4413197871,https://openalex.org/W3126770590
https://openalex.org/W4413197871,https://openalex.org/W4395052434
https://openalex.org/W4413197871,https://openalex.org/W4402552335
https://openalex.org/W4416105728,https://openalex.org/W4380302786
https://openalex.org/W4411023661,https://openalex.org/W4400770621
https://openalex.org/W3214627820,https://openalex.org/W3121055660
https://openalex.org/W3214627820,https://openalex.org/W4210355398
https://openalex.org/W4382795026,https://openalex.org/W4288069792
https://openalex.org/W4391616256,https://openalex.org/W4391562277
https://openalex.org/W4412995521,https://openalex.org/W4405530931
https://openalex.org/W4412995521,https://openalex.org/W4406725186
https://openalex.org/W4381610818,https://openalex.org/W4210270258
https://openalex.org/W4318771046,https://openalex.org/W3162171436
https://openalex.org/W4319835004,https://openalex.org/W4206685611
https://openalex.org/W7134131941,https://openalex.org/W4366123937
https://openalex.org/W4407026754,https://openalex.org/W4286907334
https://openalex.org/W4399913545,https://openalex.org/W4200129045
https://openalex.org/W4394820388,https://openalex.org/W4284693861
https://openalex.org/W4394820388,https://openalex.org/W4308148580
https://openalex.org/W7214108494,https://openalex.org/W4402110527
https://openalex.org/W7214108494,https://openalex.org/W4413257889
https://openalex.org/W7214108494,https://openalex.org/W4416201832
https://openalex.org/W7214108494,https://openalex.org/W7154022732
https://openalex.org/W7214108494,https://openalex.org/W7155224307
https://openalex.org/W4387115724,https://openalex.org/W4308411242
https://openalex.org/W4387115724,https://openalex.org/W4387115724
https://openalex.org/W4393428477,https://openalex.org/W3128110586
https://openalex.org/W4393679145,https://openalex.org/W3133864282
https://openalex.org/W4393679145,https://openalex.org/W3173414067
https://openalex.org/W4313561307,https://openalex.org/W3164599095
https://openalex.org/W4313057868,https://openalex.org/W3171569184
https://openalex.org/W4313057868,https://openalex.org/W4281764884
https://openalex.org/W4400350703,https://openalex.org/W4200157778
https://openalex.org/W4400350703,https://openalex.org/W4312645560
https://openalex.org/W4400350703,https://openalex.org/W4388720040
https://openalex.org/W4386481910,https://openalex.org/W4308036860
https://openalex.org/W4410118918,https://openalex.org/W3135010812
https://openalex.org/W4410118918,https://openalex.org/W4285526078
https://openalex.org/W4410118918,https://openalex.org/W4361853982
https://openalex.org/W4318999660,https://openalex.org/W4200332698
https://openalex.org/W4410242920,https://openalex.org/W4391951532
https://openalex.org/W4414419503,https://openalex.org/W4393041461
https://openalex.org/W4392637049,https://openalex.org/W4210644160
https://openalex.org/W7147386386,https://openalex.org/W4410451354
https://openalex.org/W4376873629,https://openalex.org/W3125018023
https://openalex.org/W4376873629,https://openalex.org/W3150860489
https://openalex.org/W4376873629,https://openalex.org/W3203793663
https://openalex.org/W4376873629,https://openalex.org/W4206055331
https://openalex.org/W4376873629,https://openalex.org/W4281618604
https://openalex.org/W4376873629,https://openalex.org/W4290706156
https://openalex.org/W4376873629,https://openalex.org/W4388128184
https://openalex.org/W4376873629,https://openalex.org/W4388183508
https://openalex.org/W4376873629,https://openalex.org/W4388183574
https://openalex.org/W4376873629,https://openalex.org/W4388183660
https://openalex.org/W4376873629,https://openalex.org/W4392721176
https://openalex.org/W4400005926,https://openalex.org/W3211732544
https://openalex.org/W4400005926,https://openalex.org/W4293374784
https://openalex.org/W4414119434,https://openalex.org/W3155407021
https://openalex.org/W4414119434,https://openalex.org/W3166981941
https://openalex.org/W4414119434,https://openalex.org/W4281761346
https://openalex.org/W4414119434,https://openalex.org/W4361277447
https://openalex.org/W4414685052,https://openalex.org/W4401173259
https://openalex.org/W4414685052,https://openalex.org/W4403222356
https://openalex.org/W4414685052,https://openalex.org/W4408363729
https://openalex.org/W4391128360,https://openalex.org/W3189146675
https://openalex.org/W4391128360,https://openalex.org/W4226456618
https://openalex.org/W4391128360,https://openalex.org/W4381162728
https://openalex.org/W4412876917,https://openalex.org/W4401863389
https://openalex.org/W4412876917,https://openalex.org/W4404181019
https://openalex.org/W4401098793,https://openalex.org/W4308204242
https://openalex.org/W4401098793,https://openalex.org/W4388083602
https://openalex.org/W4409355380,https://openalex.org/W4224239358
https://openalex.org/W4392059253,https://openalex.org/W3167554581
https://openalex.org/W4388911710,https://openalex.org/W4321445822
https://openalex.org/W4401251677,https://openalex.org/W4360782604
https://openalex.org/W4401251677,https://openalex.org/W4360782842
https://openalex.org/W4322757631,https://openalex.org/W3120329502
https://openalex.org/W4322757631,https://openalex.org/W3126558737
https://openalex.org/W4361005804,https://openalex.org/W3136431815
https://openalex.org/W4361005804,https://openalex.org/W3157037438
https://openalex.org/W4361005804,https://openalex.org/W4220666760
https://openalex.org/W4361005804,https://openalex.org/W4313473074
https://openalex.org/W7207579961,https://openalex.org/W7160595726
https://openalex.org/W4390492651,https://openalex.org/W3126074238
https://openalex.org/W7211882550,https://openalex.org/W4404350965
https://openalex.org/W7171487415,https://openalex.org/W4414079430
https://openalex.org/W4385758722,https://openalex.org/W4312094059
https://openalex.org/W4385758722,https://openalex.org/W4321182794
https://openalex.org/W4399134269,https://openalex.org/W3166835521
https://openalex.org/W4399134269,https://openalex.org/W4225680457
https://openalex.org/W4399134269,https://openalex.org/W4361218692
https://openalex.org/W4399134269,https://openalex.org/W4366254371
https://openalex.org/W7136823582,https://openalex.org/W4401484818
https://openalex.org/W7136823582,https://openalex.org/W4402552335
https://openalex.org/W7143383694,https://openalex.org/W4417076016
https://openalex.org/W4401279130,https://openalex.org/W4307313262
https://openalex.org/W7163527638,https://openalex.org/W3154545215
https://openalex.org/W4409657408,https://openalex.org/W4386395961
https://openalex.org/W4389783352,https://openalex.org/W3199551559
https://openalex.org/W4389783352,https://openalex.org/W4293223332
https://openalex.org/W4392123796,https://openalex.org/W4392123796
https://openalex.org/W4379284117,https://openalex.org/W4205286127
https://openalex.org/W4379284117,https://openalex.org/W4327759235
https://openalex.org/W4379284117,https://openalex.org/W4399415354
https://openalex.org/W4405698013,https://openalex.org/W4296162974
https://openalex.org/W4405698013,https://openalex.org/W4398236966
https://openalex.org/W4405698013,https://openalex.org/W4399365886
https://openalex.org/W4405698013,https://openalex.org/W4403718040
https://openalex.org/W4415333281,https://openalex.org/W4313830314
https://openalex.org/W4415333281,https://openalex.org/W4403360553
https://openalex.org/W4415333281,https://openalex.org/W4405648998
https://openalex.org/W7202262750,https://openalex.org/W4285048842
https://openalex.org/W7202262750,https://openalex.org/W4312198703
https://openalex.org/W7202262750,https://openalex.org/W4387427324
https://openalex.org/W7202262750,https://openalex.org/W4392123970
https://openalex.org/W7202262750,https://openalex.org/W4393859485
https://openalex.org/W7202262750,https://openalex.org/W4410464749
https://openalex.org/W7172520861,https://openalex.org/W4383876504
https://openalex.org/W7172520861,https://openalex.org/W4403560371
https://openalex.org/W7172520861,https://openalex.org/W4407664287
https://openalex.org/W7172520861,https://openalex.org/W7125976487
https://openalex.org/W4403680390,https://openalex.org/W4220739262
https://openalex.org/W4403680390,https://openalex.org/W4284689619
https://openalex.org/W4403680390,https://openalex.org/W4360584209
https://openalex.org/W4403680390,https://openalex.org/W4399113395
https://openalex.org/W4391921039,https://openalex.org/W4366259796
https://openalex.org/W3160751182,https://openalex.org/W3087430957
https://openalex.org/W3160751182,https://openalex.org/W3124630490
https://openalex.org/W3160751182,https://openalex.org/W3128849487
https://openalex.org/W4415608404,https://openalex.org/W3119224404
https://openalex.org/W4415608404,https://openalex.org/W4402138245
https://openalex.org/W4415608404,https://openalex.org/W4406846212
https://openalex.org/W4401963328,https://openalex.org/W3127063032
https://openalex.org/W4401963328,https://openalex.org/W3198331270
https://openalex.org/W4401963328,https://openalex.org/W4283071033
https://openalex.org/W4401963328,https://openalex.org/W4289868138
https://openalex.org/W4401963328,https://openalex.org/W4293101993
https://openalex.org/W4401963328,https://openalex.org/W4309440978
https://openalex.org/W4401963328,https://openalex.org/W4310086069
https://openalex.org/W4401963328,https://openalex.org/W4321097797
https://openalex.org/W4401963328,https://openalex.org/W4377967666
https://openalex.org/W4401963328,https://openalex.org/W4390673656
https://openalex.org/W4401963328,https://openalex.org/W4390725253
https://openalex.org/W4415430707,https://openalex.org/W3187100460
https://openalex.org/W4415430707,https://openalex.org/W4210693348
https://openalex.org/W4415430707,https://openalex.org/W4405911594
https://openalex.org/W4404757911,https://openalex.org/W4285810273
https://openalex.org/W4404757911,https://openalex.org/W4365459366
https://openalex.org/W4404757911,https://openalex.org/W4395072692
https://openalex.org/W3159650286,https://openalex.org/W655022340
https://openalex.org/W4313854902,https://openalex.org/W3196907066
https://openalex.org/W4281768415,https://openalex.org/W3211383864
https://openalex.org/W4281768415,https://openalex.org/W4393754080
https://openalex.org/W7125641320,https://openalex.org/W4395053413
https://openalex.org/W7167612043,https://openalex.org/W4404956351
https://openalex.org/W4390659025,https://openalex.org/W3173592414
https://openalex.org/W4417453212,https://openalex.org/W4286456962
https://openalex.org/W4417453212,https://openalex.org/W4381191853
https://openalex.org/W4417453212,https://openalex.org/W4390201593
https://openalex.org/W4417453212,https://openalex.org/W4403052293
https://openalex.org/W7143390194,https://openalex.org/W3107656246
https://openalex.org/W7143390194,https://openalex.org/W4405293786
https://openalex.org/W4409409822,https://openalex.org/W4210644160
https://openalex.org/W7161266898,https://openalex.org/W4409408236
https://openalex.org/W4406362224,https://openalex.org/W3187769763
https://openalex.org/W4406362224,https://openalex.org/W4210857417
https://openalex.org/W4406362224,https://openalex.org/W4224442847
https://openalex.org/W4406362224,https://openalex.org/W4309720103
https://openalex.org/W4406362224,https://openalex.org/W4366993059
https://openalex.org/W4406362224,https://openalex.org/W4391514345
https://openalex.org/W4406362224,https://openalex.org/W4399102502
https://openalex.org/W4406362224,https://openalex.org/W4409962905
https://openalex.org/W3132170983,https://openalex.org/W3170871273
https://openalex.org/W4413945509,https://openalex.org/W4312525108
https://openalex.org/W4413945509,https://openalex.org/W4389665666
https://openalex.org/W3139529828,https://openalex.org/W3124630490
https://openalex.org/W4312100829,https://openalex.org/W3118535008
https://openalex.org/W4312100829,https://openalex.org/W3128374175
https://openalex.org/W4312100829,https://openalex.org/W3211762520
https://openalex.org/W4410528875,https://openalex.org/W4403105144
https://openalex.org/W3216035538,https://openalex.org/W4308104477
https://openalex.org/W4405356386,https://openalex.org/W3176173973
https://openalex.org/W4410516279,https://openalex.org/W4403922388
https://openalex.org/W7160259901,https://openalex.org/W4205915457
https://openalex.org/W7160259901,https://openalex.org/W4210899447
https://openalex.org/W7160259901,https://openalex.org/W4281997791
https://openalex.org/W4408055233,https://openalex.org/W4297109637
https://openalex.org/W4408055233,https://openalex.org/W4384931599
https://openalex.org/W4408055233,https://openalex.org/W4391988510
https://openalex.org/W4408055233,https://openalex.org/W4404378610
https://openalex.org/W7168165083,https://openalex.org/W4319827805
https://openalex.org/W4311399755,https://openalex.org/W3203669300
https://openalex.org/W4417527730,https://openalex.org/W4394905311
https://openalex.org/W4402297735,https://openalex.org/W4390329579
https://openalex.org/W7165561485,https://openalex.org/W4295034883
https://openalex.org/W7165561485,https://openalex.org/W4378418204
https://openalex.org/W7165561485,https://openalex.org/W4401560296
https://openalex.org/W4409995598,https://openalex.org/W3136076121
https://openalex.org/W4409995598,https://openalex.org/W3164661615
https://openalex.org/W4409995598,https://openalex.org/W4381309868
https://openalex.org/W4392123970,https://openalex.org/W4285048842
https://openalex.org/W4392123970,https://openalex.org/W4312198703
https://openalex.org/W4392123970,https://openalex.org/W4315619403
https://openalex.org/W4392123970,https://openalex.org/W4387427324
https://openalex.org/W4310228499,https://openalex.org/W4282965610
https://openalex.org/W4377691773,https://openalex.org/W2999610861
https://openalex.org/W4377691773,https://openalex.org/W4287332704
https://openalex.org/W4317932000,https://openalex.org/W4214898670
https://openalex.org/W4317932000,https://openalex.org/W4311488874
https://openalex.org/W4409389004,https://openalex.org/W4323569056
https://openalex.org/W4414052982,https://openalex.org/W4250801952
https://openalex.org/W3187135187,https://openalex.org/W3118675004
https://openalex.org/W4364351723,https://openalex.org/W3176693749
https://openalex.org/W4364351723,https://openalex.org/W3204641766
https://openalex.org/W4364351723,https://openalex.org/W3209696637
https://openalex.org/W4364351723,https://openalex.org/W4281706200
https://openalex.org/W4415146532,https://openalex.org/W4400523845
https://openalex.org/W7162545302,https://openalex.org/W4415842526
https://openalex.org/W7162545302,https://openalex.org/W7136937830
https://openalex.org/W4211178196,https://openalex.org/W3158142687
https://openalex.org/W7133542308,https://openalex.org/W4406736106
https://openalex.org/W7133542308,https://openalex.org/W4409986055
https://openalex.org/W4379598312,https://openalex.org/W3126150405
https://openalex.org/W4379598312,https://openalex.org/W3167088720
https://openalex.org/W4391176808,https://openalex.org/W4319788392
https://openalex.org/W4385519419,https://openalex.org/W4315574119
https://openalex.org/W4399860717,https://openalex.org/W3156823378
https://openalex.org/W4399860717,https://openalex.org/W4200047907
https://openalex.org/W4399860717,https://openalex.org/W4200129045
https://openalex.org/W4399860717,https://openalex.org/W4313366978
https://openalex.org/W4399860717,https://openalex.org/W4387900153
https://openalex.org/W4283210983,https://openalex.org/W3122208482
https://openalex.org/W4283210983,https://openalex.org/W3149797615
https://openalex.org/W4410080267,https://openalex.org/W3173628004
https://openalex.org/W4410080267,https://openalex.org/W4281254186
https://openalex.org/W4410080267,https://openalex.org/W4318455133
https://openalex.org/W4410080267,https://openalex.org/W4328098760
https://openalex.org/W4410080267,https://openalex.org/W4372316714
https://openalex.org/W4410080267,https://openalex.org/W4389607765
https://openalex.org/W4410080267,https://openalex.org/W4400615481
https://openalex.org/W4410080267,https://openalex.org/W4407247502
https://openalex.org/W4366993059,https://openalex.org/W3138730729
https://openalex.org/W4366993059,https://openalex.org/W3187769763
https://openalex.org/W4366993059,https://openalex.org/W3213282821
https://openalex.org/W4366993059,https://openalex.org/W4210857417
https://openalex.org/W4366993059,https://openalex.org/W4210935844
https://openalex.org/W4366993059,https://openalex.org/W4220893757
https://openalex.org/W4366993059,https://openalex.org/W4224442847
https://openalex.org/W4366993059,https://openalex.org/W4309720103
https://openalex.org/W4366993059,https://openalex.org/W4391514345
https://openalex.org/W4318834052,https://openalex.org/W4226003416
https://openalex.org/W4294578431,https://openalex.org/W3189567893
https://openalex.org/W3049455208,https://openalex.org/W2890604215
https://openalex.org/W3049455208,https://openalex.org/W4286690957
https://openalex.org/W3049455208,https://openalex.org/W4287332704
https://openalex.org/W3049455208,https://openalex.org/W4388797789
https://openalex.org/W4391898790,https://openalex.org/W3129711800
https://openalex.org/W4391898790,https://openalex.org/W3200021964
https://openalex.org/W4391898790,https://openalex.org/W4224871336
https://openalex.org/W4391898790,https://openalex.org/W4307125471
https://openalex.org/W4391898790,https://openalex.org/W4313325369
https://openalex.org/W4391898790,https://openalex.org/W4386083666
https://openalex.org/W4366364589,https://openalex.org/W3132646101
https://openalex.org/W4393049848,https://openalex.org/W4289593575
https://openalex.org/W3156841047,https://openalex.org/W3156841047
https://openalex.org/W3082120346,https://openalex.org/W3124630490
https://openalex.org/W3082120346,https://openalex.org/W3128849487
https://openalex.org/W3082120346,https://openalex.org/W3160751182
https://openalex.org/W3188942146,https://openalex.org/W3119999801
https://openalex.org/W4396674955,https://openalex.org/W4387772078
https://openalex.org/W4400488603,https://openalex.org/W4210961936
https://openalex.org/W4400488603,https://openalex.org/W4226223770
https://openalex.org/W4400488603,https://openalex.org/W4385209967
https://openalex.org/W7144247617,https://openalex.org/W3155955096
https://openalex.org/W4384069972,https://openalex.org/W3129522747
https://openalex.org/W4384069972,https://openalex.org/W3155177801
https://openalex.org/W4384069972,https://openalex.org/W3172518407
https://openalex.org/W4384069972,https://openalex.org/W4200007621
https://openalex.org/W4384069972,https://openalex.org/W4213085895
https://openalex.org/W4384069972,https://openalex.org/W4310777799
https://openalex.org/W4391591341,https://openalex.org/W3178960719
https://openalex.org/W4391591341,https://openalex.org/W3205009510
https://openalex.org/W4391591341,https://openalex.org/W4200571609
https://openalex.org/W4251129149,https://openalex.org/W3129791570
https://openalex.org/W4417268155,https://openalex.org/W3112618968
https://openalex.org/W4417268155,https://openalex.org/W3131624221
https://openalex.org/W4417268155,https://openalex.org/W3178960719
https://openalex.org/W4417268155,https://openalex.org/W3198152929
https://openalex.org/W4417268155,https://openalex.org/W4379230725
https://openalex.org/W4417268155,https://openalex.org/W4383102915
https://openalex.org/W4417268155,https://openalex.org/W4394905311
https://openalex.org/W4417268155,https://openalex.org/W4401211033
https://openalex.org/W4415340920,https://openalex.org/W4200168703
https://openalex.org/W4415340920,https://openalex.org/W4220980162
https://openalex.org/W4226409388,https://openalex.org/W4401418842
https://openalex.org/W4401560766,https://openalex.org/W4365998129
https://openalex.org/W4389722390,https://openalex.org/W4385567652
https://openalex.org/W4416926464,https://openalex.org/W4284880289
https://openalex.org/W4389828498,https://openalex.org/W4213428903
https://openalex.org/W4388300897,https://openalex.org/W4323348133
https://openalex.org/W7160405614,https://openalex.org/W3157621000
https://openalex.org/W7160405614,https://openalex.org/W4407963185
https://openalex.org/W7162877781,https://openalex.org/W3134044685
https://openalex.org/W7162877781,https://openalex.org/W3176811808
https://openalex.org/W7162877781,https://openalex.org/W4281487631
https://openalex.org/W7168338325,https://openalex.org/W4377089542
https://openalex.org/W7168338325,https://openalex.org/W4408793582
https://openalex.org/W4255688919,https://openalex.org/W4255688919
https://openalex.org/W7161239622,https://openalex.org/W4220965114
https://openalex.org/W7161239622,https://openalex.org/W4297902861
https://openalex.org/W7161239622,https://openalex.org/W4390750536
https://openalex.org/W3131059059,https://openalex.org/W3131059059
https://openalex.org/W4300818188,https://openalex.org/W4200277067
https://openalex.org/W4411580248,https://openalex.org/W3213480517
https://openalex.org/W4411580248,https://openalex.org/W4292174873
https://openalex.org/W4411580248,https://openalex.org/W4365448131
https://openalex.org/W4415679532,https://openalex.org/W3164962350
https://openalex.org/W4415679532,https://openalex.org/W3200021964
https://openalex.org/W4415679532,https://openalex.org/W4224871336
https://openalex.org/W4388407762,https://openalex.org/W4293866389
https://openalex.org/W4388407762,https://openalex.org/W4294771031
https://openalex.org/W4407241902,https://openalex.org/W3213877749
https://openalex.org/W4407241902,https://openalex.org/W4385607072
https://openalex.org/W4408135741,https://openalex.org/W4306931941
https://openalex.org/W4408135741,https://openalex.org/W4317779826
https://openalex.org/W4385347478,https://openalex.org/W4322718802
https://openalex.org/W4285087276,https://openalex.org/W3178960719
https://openalex.org/W4386429198,https://openalex.org/W3139326974
https://openalex.org/W4417115954,https://openalex.org/W4385638969
https://openalex.org/W7165016629,https://openalex.org/W7133227283
https://openalex.org/W4403432518,https://openalex.org/W4242851664
https://openalex.org/W7134163724,https://openalex.org/W4388111802
https://openalex.org/W4312473861,https://openalex.org/W3121483229
https://openalex.org/W4312473861,https://openalex.org/W3123457864
https://openalex.org/W4312473861,https://openalex.org/W3129127087
https://openalex.org/W3204177000,https://openalex.org/W3165052511
https://openalex.org/W4395477995,https://openalex.org/W4289110521
https://openalex.org/W4395477995,https://openalex.org/W4308682342
https://openalex.org/W4395477995,https://openalex.org/W4388014603
https://openalex.org/W4315485234,https://openalex.org/W4200188088
https://openalex.org/W4205989410,https://openalex.org/W3125086289
https://openalex.org/W4412085563,https://openalex.org/W4413028616
https://openalex.org/W7167076042,https://openalex.org/W4234419327
https://openalex.org/W7167076042,https://openalex.org/W4411681223
https://openalex.org/W4289755677,https://openalex.org/W3118853504
https://openalex.org/W4289755677,https://openalex.org/W3179303093
https://openalex.org/W4289755677,https://openalex.org/W3181479783
https://openalex.org/W4289755677,https://openalex.org/W3185740305
https://openalex.org/W4289755677,https://openalex.org/W3194005326
https://openalex.org/W4289755677,https://openalex.org/W3203531680
https://openalex.org/W4408360670,https://openalex.org/W4399561985
https://openalex.org/W4408360670,https://openalex.org/W4400883379
https://openalex.org/W4408360670,https://openalex.org/W4401108209
https://openalex.org/W4408360670,https://openalex.org/W4401739447
https://openalex.org/W4408360670,https://openalex.org/W4402675562
https://openalex.org/W4408360670,https://openalex.org/W4404626323
https://openalex.org/W7161628428,https://openalex.org/W4387700039
https://openalex.org/W7202228797,https://openalex.org/W3112618968
https://openalex.org/W7202228797,https://openalex.org/W3156673937
https://openalex.org/W7202228797,https://openalex.org/W4386453521
https://openalex.org/W7202228797,https://openalex.org/W4394905311
https://openalex.org/W7138904268,https://openalex.org/W4409670203
https://openalex.org/W4408879104,https://openalex.org/W4389262702
https://openalex.org/W4407571219,https://openalex.org/W3189015187
https://openalex.org/W4407571219,https://openalex.org/W4388812826
https://openalex.org/W4408236114,https://openalex.org/W4391173042
https://openalex.org/W7204257888,https://openalex.org/W7161792662
https://openalex.org/W4386741806,https://openalex.org/W3204462302
https://openalex.org/W4386741806,https://openalex.org/W4226083552
https://openalex.org/W4386741806,https://openalex.org/W4307676185
https://openalex.org/W4386741806,https://openalex.org/W4308954783
https://openalex.org/W4386741806,https://openalex.org/W4312038990
https://openalex.org/W4386741806,https://openalex.org/W4386741806
https://openalex.org/W4313643908,https://openalex.org/W4296162974
https://openalex.org/W4411455640,https://openalex.org/W4386730879
https://openalex.org/W4415749568,https://openalex.org/W3208577405
https://openalex.org/W4415749568,https://openalex.org/W4386438687
https://openalex.org/W4415749568,https://openalex.org/W4390748143
https://openalex.org/W4220774308,https://openalex.org/W3130566328
https://openalex.org/W7133635964,https://openalex.org/W3170084247
https://openalex.org/W4417086488,https://openalex.org/W2963002078
https://openalex.org/W4327858901,https://openalex.org/W4200471697
https://openalex.org/W4362518725,https://openalex.org/W4281662817
https://openalex.org/W4362518725,https://openalex.org/W4295066316
https://openalex.org/W3045826112,https://openalex.org/W3023668308
https://openalex.org/W4403431800,https://openalex.org/W3124700704
https://openalex.org/W4403431800,https://openalex.org/W4281749792
https://openalex.org/W4400509850,https://openalex.org/W4367053527
https://openalex.org/W4319986813,https://openalex.org/W3156187350
https://openalex.org/W4304632249,https://openalex.org/W3131632478
https://openalex.org/W4283803434,https://openalex.org/W3101000142
https://openalex.org/W4283803434,https://openalex.org/W3119608513
https://openalex.org/W4283803434,https://openalex.org/W3139319730
https://openalex.org/W4283803434,https://openalex.org/W3178960719
https://openalex.org/W4283803434,https://openalex.org/W3211871934
https://openalex.org/W4283803434,https://openalex.org/W4292249925
https://openalex.org/W4283803434,https://openalex.org/W4306888997
https://openalex.org/W4283803434,https://openalex.org/W4385259606
https://openalex.org/W4399525825,https://openalex.org/W2963002078
https://openalex.org/W4399525825,https://openalex.org/W3108155233
https://openalex.org/W4280533333,https://openalex.org/W3118628042
https://openalex.org/W4411519838,https://openalex.org/W4300961415
https://openalex.org/W4411519838,https://openalex.org/W4386189465
https://openalex.org/W4411519838,https://openalex.org/W4391722265
https://openalex.org/W4411519838,https://openalex.org/W4399247356
https://openalex.org/W4411519838,https://openalex.org/W4406518955
https://openalex.org/W4406802872,https://openalex.org/W3208918800
https://openalex.org/W4406802872,https://openalex.org/W4281622675
https://openalex.org/W4403024735,https://openalex.org/W3129711800
https://openalex.org/W4403024735,https://openalex.org/W3164962350
https://openalex.org/W4403024735,https://openalex.org/W4283793747
https://openalex.org/W4403024735,https://openalex.org/W4307125471
https://openalex.org/W4403024735,https://openalex.org/W4366352829
https://openalex.org/W4403024735,https://openalex.org/W4386485017
https://openalex.org/W4403024735,https://openalex.org/W4391231730
https://openalex.org/W4281667012,https://openalex.org/W3213276340
https://openalex.org/W4408472056,https://openalex.org/W3200527710
https://openalex.org/W4408472056,https://openalex.org/W4200128809
https://openalex.org/W4408472056,https://openalex.org/W4220876558
https://openalex.org/W4408472056,https://openalex.org/W4295298930
https://openalex.org/W4298326802,https://openalex.org/W3157698770
https://openalex.org/W4298326802,https://openalex.org/W3201238815
https://openalex.org/W4298326802,https://openalex.org/W4207059806
https://openalex.org/W4298326802,https://openalex.org/W4210364767
https://openalex.org/W7156199896,https://openalex.org/W4405695698
https://openalex.org/W4366178537,https://openalex.org/W4296977078
https://openalex.org/W4407472544,https://openalex.org/W4206416344
https://openalex.org/W4407472544,https://openalex.org/W4293574888
https://openalex.org/W4407472544,https://openalex.org/W4319592726
https://openalex.org/W4407472544,https://openalex.org/W4365509636
https://openalex.org/W4407472544,https://openalex.org/W4389434546
https://openalex.org/W4407472544,https://openalex.org/W4401718945
https://openalex.org/W7155421739,https://openalex.org/W4224253866
https://openalex.org/W7155421739,https://openalex.org/W4306897083
https://openalex.org/W7155421739,https://openalex.org/W4389702619
https://openalex.org/W7155421739,https://openalex.org/W4391706698
https://openalex.org/W4401983778,https://openalex.org/W3132470125
https://openalex.org/W4401983778,https://openalex.org/W3209490248
https://openalex.org/W4401983778,https://openalex.org/W4287730306
https://openalex.org/W4401983778,https://openalex.org/W4392111346
https://openalex.org/W7155165190,https://openalex.org/W3158710252
https://openalex.org/W4229372493,https://openalex.org/W3131968008
https://openalex.org/W4229372493,https://openalex.org/W3182324325
https://openalex.org/W4412104090,https://openalex.org/W4366827729
https://openalex.org/W4412104090,https://openalex.org/W4407945625
https://openalex.org/W4412104090,https://openalex.org/W4410361835
https://openalex.org/W4412104090,https://openalex.org/W4410873943
https://openalex.org/W7116649450,https://openalex.org/W4206484652
https://openalex.org/W4321607560,https://openalex.org/W3203622991
https://openalex.org/W3216904249,https://openalex.org/W3176114356
https://openalex.org/W4411863738,https://openalex.org/W3193223779
https://openalex.org/W4411863738,https://openalex.org/W3203428752
https://openalex.org/W4411863738,https://openalex.org/W4318052223
https://openalex.org/W4411863738,https://openalex.org/W4319336372
https://openalex.org/W4411863738,https://openalex.org/W4376225771
https://openalex.org/W4411863738,https://openalex.org/W4406825265
https://openalex.org/W7212266169,https://openalex.org/W3158830926
https://openalex.org/W4312621827,https://openalex.org/W3188354222
https://openalex.org/W4390235367,https://openalex.org/W2963002078
https://openalex.org/W4390235367,https://openalex.org/W4389546445
https://openalex.org/W4390235367,https://openalex.org/W4390235367
https://openalex.org/W4411377478,https://openalex.org/W3088611318
https://openalex.org/W4411377478,https://openalex.org/W4315779842
https://openalex.org/W4411377478,https://openalex.org/W4408759222
https://openalex.org/W7155061355,https://openalex.org/W4408503452
https://openalex.org/W4417503777,https://openalex.org/W3175701282
https://openalex.org/W4416685875,https://openalex.org/W4282031027
https://openalex.org/W4416685875,https://openalex.org/W4311434604
https://openalex.org/W4416685875,https://openalex.org/W4312107076
https://openalex.org/W4416685875,https://openalex.org/W4381853480
https://openalex.org/W7167793203,https://openalex.org/W7133953810
https://openalex.org/W4406753478,https://openalex.org/W4205910918
https://openalex.org/W4372316714,https://openalex.org/W4281254186
https://openalex.org/W7204047032,https://openalex.org/W3156823378
https://openalex.org/W7204047032,https://openalex.org/W3217754174
https://openalex.org/W7204047032,https://openalex.org/W4200129045
https://openalex.org/W7204047032,https://openalex.org/W4313366978
https://openalex.org/W7204047032,https://openalex.org/W4387900153
https://openalex.org/W7204047032,https://openalex.org/W4403038728
https://openalex.org/W4405188151,https://openalex.org/W3180468909
https://openalex.org/W4405188151,https://openalex.org/W4200437223
https://openalex.org/W4405188151,https://openalex.org/W4309424992
https://openalex.org/W4224981546,https://openalex.org/W3178960719
https://openalex.org/W4224981546,https://openalex.org/W3216294176
https://openalex.org/W7140379308,https://openalex.org/W3198535020
https://openalex.org/W7140379308,https://openalex.org/W4380446416
https://openalex.org/W7140379308,https://openalex.org/W4394674902
https://openalex.org/W7140379308,https://openalex.org/W4402192292
https://openalex.org/W7140379308,https://openalex.org/W4411545889
https://openalex.org/W4383313873,https://openalex.org/W3162285701
https://openalex.org/W4389607765,https://openalex.org/W4281254186
https://openalex.org/W4389607765,https://openalex.org/W4318455133
https://openalex.org/W7134108693,https://openalex.org/W3155955096
https://openalex.org/W7134108693,https://openalex.org/W4298393739
https://openalex.org/W4415185927,https://openalex.org/W4283748264
https://openalex.org/W4415185927,https://openalex.org/W4297877386
https://openalex.org/W4415185927,https://openalex.org/W4396695130
https://openalex.org/W4415185927,https://openalex.org/W4408619310
https://openalex.org/W4225124520,https://openalex.org/W3113261584
https://openalex.org/W4378172003,https://openalex.org/W3170160699
https://openalex.org/W4378172003,https://openalex.org/W4318688219
https://openalex.org/W4311885711,https://openalex.org/W3133710206
https://openalex.org/W4311885711,https://openalex.org/W3199501580
https://openalex.org/W4366351954,https://openalex.org/W3200413641
https://openalex.org/W4401122048,https://openalex.org/W4282960609
https://openalex.org/W4295563275,https://openalex.org/W3210367424
https://openalex.org/W4391111350,https://openalex.org/W4225576441
https://openalex.org/W4391111350,https://openalex.org/W4391893514
https://openalex.org/W7162662336,https://openalex.org/W4297183843
https://openalex.org/W4408281151,https://openalex.org/W4408281620
https://openalex.org/W4412203108,https://openalex.org/W4386019924
https://openalex.org/W4411985952,https://openalex.org/W4410618182
https://openalex.org/W4319297685,https://openalex.org/W4308650839
https://openalex.org/W4319297685,https://openalex.org/W4313017280
https://openalex.org/W3087430957,https://openalex.org/W3082120346
https://openalex.org/W3087430957,https://openalex.org/W3124630490
https://openalex.org/W4401109544,https://openalex.org/W4214569849
https://openalex.org/W4401109544,https://openalex.org/W4285217068
https://openalex.org/W4401109544,https://openalex.org/W4286620286
https://openalex.org/W4401109544,https://openalex.org/W4312219141
https://openalex.org/W4401109544,https://openalex.org/W4361029949
https://openalex.org/W4401109544,https://openalex.org/W4386323884
https://openalex.org/W4385914308,https://openalex.org/W4285794562
https://openalex.org/W7104546841,https://openalex.org/W4396641340
https://openalex.org/W7104546841,https://openalex.org/W4396808380
https://openalex.org/W7104546841,https://openalex.org/W4406906829
https://openalex.org/W7143793048,https://openalex.org/W4413461556
https://openalex.org/W4387672777,https://openalex.org/W2963002078
https://openalex.org/W4387672777,https://openalex.org/W3112618968
https://openalex.org/W4387672777,https://openalex.org/W3119608513
https://openalex.org/W4387672777,https://openalex.org/W3120584803
https://openalex.org/W4387672777,https://openalex.org/W3178960719
https://openalex.org/W4387672777,https://openalex.org/W3211871934
https://openalex.org/W4387672777,https://openalex.org/W3214847695
https://openalex.org/W4387672777,https://openalex.org/W4280489164
https://openalex.org/W4387672777,https://openalex.org/W4283803434
https://openalex.org/W4406203512,https://openalex.org/W4206371996
https://openalex.org/W4368249377,https://openalex.org/W3119247116
https://openalex.org/W4368249377,https://openalex.org/W3194252003
https://openalex.org/W4391444457,https://openalex.org/W4284893902
https://openalex.org/W4283329429,https://openalex.org/W3141744159
https://openalex.org/W4416706958,https://openalex.org/W3189146675
https://openalex.org/W4416706958,https://openalex.org/W4389664897
https://openalex.org/W4416706958,https://openalex.org/W4401241888
https://openalex.org/W4416706958,https://openalex.org/W4405717363
https://openalex.org/W4416706958,https://openalex.org/W4416714605
https://openalex.org/W4392525907,https://openalex.org/W3134709466
https://openalex.org/W4392525907,https://openalex.org/W4224948141
https://openalex.org/W4297488788,https://openalex.org/W3126627207
https://openalex.org/W3155663320,https://openalex.org/W3136078500
https://openalex.org/W3155663320,https://openalex.org/W3155663320
https://openalex.org/W4402598796,https://openalex.org/W4367046445
https://openalex.org/W4404636593,https://openalex.org/W3162047984
https://openalex.org/W4402119855,https://openalex.org/W2963002078
https://openalex.org/W4402119855,https://openalex.org/W3174158225
https://openalex.org/W4402119855,https://openalex.org/W4312108281
https://openalex.org/W4402119855,https://openalex.org/W4377158173
https://openalex.org/W4285087937,https://openalex.org/W4289755677
https://openalex.org/W7202207302,https://openalex.org/W3128304519
https://openalex.org/W7202207302,https://openalex.org/W4214628059
https://openalex.org/W7202207302,https://openalex.org/W4416978071
https://openalex.org/W4405074117,https://openalex.org/W4320452433
https://openalex.org/W4407760001,https://openalex.org/W4283803434
https://openalex.org/W4407760001,https://openalex.org/W4391273012
https://openalex.org/W4407760001,https://openalex.org/W4383102915
https://openalex.org/W4407760001,https://openalex.org/W3112618968
https://openalex.org/W4407760001,https://openalex.org/W4394905311
https://openalex.org/W4407760001,https://openalex.org/W3178960719
https://openalex.org/W4307003179,https://openalex.org/W4210551205
https://openalex.org/W4380446314,https://openalex.org/W3204013324
https://openalex.org/W4380446314,https://openalex.org/W4220684961
https://openalex.org/W4380446314,https://openalex.org/W4226317960
https://openalex.org/W4380446314,https://openalex.org/W4281713363
https://openalex.org/W4380446314,https://openalex.org/W4312115258
https://openalex.org/W4396212755,https://openalex.org/W3214198043
https://openalex.org/W4396212755,https://openalex.org/W4301180901
https://openalex.org/W4396212755,https://openalex.org/W4319443245
https://openalex.org/W4396212755,https://openalex.org/W4387728681
https://openalex.org/W4323294709,https://openalex.org/W3211762520
https://openalex.org/W4323294709,https://openalex.org/W4220864360
https://openalex.org/W4323294709,https://openalex.org/W4303021939
https://openalex.org/W4321081151,https://openalex.org/W2990187828
https://openalex.org/W4321081151,https://openalex.org/W3122929861
https://openalex.org/W4321081151,https://openalex.org/W4200450154
https://openalex.org/W4321081151,https://openalex.org/W4220881793
https://openalex.org/W4321081151,https://openalex.org/W4294266274
https://openalex.org/W4321081151,https://openalex.org/W4311446162
https://openalex.org/W4321081151,https://openalex.org/W4319072926
https://openalex.org/W4321081151,https://openalex.org/W4328110954
https://openalex.org/W4321081151,https://openalex.org/W4394974518
https://openalex.org/W3199441978,https://openalex.org/W3200775253
https://openalex.org/W4410512010,https://openalex.org/W3208957374
https://openalex.org/W4410512010,https://openalex.org/W4282592006
https://openalex.org/W4410512010,https://openalex.org/W4383955248
https://openalex.org/W4410512010,https://openalex.org/W4384818677
https://openalex.org/W4241591350,https://openalex.org/W3157093756
https://openalex.org/W4241591350,https://openalex.org/W3158469772
https://openalex.org/W4367300103,https://openalex.org/W3126627207
https://openalex.org/W4367300103,https://openalex.org/W3197136278
https://openalex.org/W4367300103,https://openalex.org/W4294990272
https://openalex.org/W4229440446,https://openalex.org/W3171131294
https://openalex.org/W4405828871,https://openalex.org/W3126150405
https://openalex.org/W4405828871,https://openalex.org/W3167088720
https://openalex.org/W4405828871,https://openalex.org/W4293872266
https://openalex.org/W4405828871,https://openalex.org/W4379598312
https://openalex.org/W4405828871,https://openalex.org/W4388826298
https://openalex.org/W4413027999,https://openalex.org/W3087101851
https://openalex.org/W4413027999,https://openalex.org/W3133263249
https://openalex.org/W4413027999,https://openalex.org/W3138355402
https://openalex.org/W4413027999,https://openalex.org/W4311981820
https://openalex.org/W4413027999,https://openalex.org/W4388267335
https://openalex.org/W4413027999,https://openalex.org/W4390747901
https://openalex.org/W4415112872,https://openalex.org/W4213085895
https://openalex.org/W4415112872,https://openalex.org/W4389623186
https://openalex.org/W4323270109,https://openalex.org/W3136431815
https://openalex.org/W4323270109,https://openalex.org/W3157037438
https://openalex.org/W4323270109,https://openalex.org/W4220666760
https://openalex.org/W4323270109,https://openalex.org/W4313473074
https://openalex.org/W4323270109,https://openalex.org/W4323270109
https://openalex.org/W4409871480,https://openalex.org/W4394905311
https://openalex.org/W4303579489,https://openalex.org/W3197826369
https://openalex.org/W4399807549,https://openalex.org/W3173628004
https://openalex.org/W4399807549,https://openalex.org/W4389607765
https://openalex.org/W4400354388,https://openalex.org/W3215369792
https://openalex.org/W4400354388,https://openalex.org/W3215689680
https://openalex.org/W4400354388,https://openalex.org/W3217807877
https://openalex.org/W4400354388,https://openalex.org/W4304889418
https://openalex.org/W4400354388,https://openalex.org/W4316591686
https://openalex.org/W4400354388,https://openalex.org/W4319752452
https://openalex.org/W4400354388,https://openalex.org/W4322775420
https://openalex.org/W4400354388,https://openalex.org/W4323651929
https://openalex.org/W4400354388,https://openalex.org/W4367180737
https://openalex.org/W4400354388,https://openalex.org/W4367844043
https://openalex.org/W4400354388,https://openalex.org/W4391230929
https://openalex.org/W7154904859,https://openalex.org/W3184330986
https://openalex.org/W7154904859,https://openalex.org/W4210644160
https://openalex.org/W4407597096,https://openalex.org/W4362583005
https://openalex.org/W4388266472,https://openalex.org/W3155961778
https://openalex.org/W7169788800,https://openalex.org/W3174443133
https://openalex.org/W7169788800,https://openalex.org/W3194288529
https://openalex.org/W4281387952,https://openalex.org/W3116397230
https://openalex.org/W4391026758,https://openalex.org/W4292814100
https://openalex.org/W4391026758,https://openalex.org/W4366292783
https://openalex.org/W4318542729,https://openalex.org/W4318542729
https://openalex.org/W7127322513,https://openalex.org/W4206197282
https://openalex.org/W7127322513,https://openalex.org/W4226087386
https://openalex.org/W7127322513,https://openalex.org/W4312181039
https://openalex.org/W7127322513,https://openalex.org/W4388896258
https://openalex.org/W7127322513,https://openalex.org/W4395077386
https://openalex.org/W4378842868,https://openalex.org/W4310449368
https://openalex.org/W4378842868,https://openalex.org/W4312219141
https://openalex.org/W4378842868,https://openalex.org/W4378843082
https://openalex.org/W7138863095,https://openalex.org/W4366452046
https://openalex.org/W7138863095,https://openalex.org/W4411590022
https://openalex.org/W4413253469,https://openalex.org/W4323842700
https://openalex.org/W4413253469,https://openalex.org/W4378716498
https://openalex.org/W4387252544,https://openalex.org/W4378953503
https://openalex.org/W4412711431,https://openalex.org/W3160887430
https://openalex.org/W4414117855,https://openalex.org/W4399485326
https://openalex.org/W4413106504,https://openalex.org/W4402713923
https://openalex.org/W4381857155,https://openalex.org/W4281633800
https://openalex.org/W4381857155,https://openalex.org/W4317840280
https://openalex.org/W4407948661,https://openalex.org/W4309651778
https://openalex.org/W4407948661,https://openalex.org/W4309651832
https://openalex.org/W4407948661,https://openalex.org/W4387848751
https://openalex.org/W4407948661,https://openalex.org/W4396918914
https://openalex.org/W4400118668,https://openalex.org/W4323310143
https://openalex.org/W4400118668,https://openalex.org/W4391655438
https://openalex.org/W4400118668,https://openalex.org/W4392238130
https://openalex.org/W4400118668,https://openalex.org/W4392820336
https://openalex.org/W7117576370,https://openalex.org/W4294837645
https://openalex.org/W7117576370,https://openalex.org/W4400240369
https://openalex.org/W4407967914,https://openalex.org/W4388901350
https://openalex.org/W4407967914,https://openalex.org/W4396921301
https://openalex.org/W4407967914,https://openalex.org/W4400060722
https://openalex.org/W4378953503,https://openalex.org/W4378953503
https://openalex.org/W7203640986,https://openalex.org/W4316020913
https://openalex.org/W4225279531,https://openalex.org/W3186815623
https://openalex.org/W4320484637,https://openalex.org/W3139326974
https://openalex.org/W4320484637,https://openalex.org/W3204692621
https://openalex.org/W4320484637,https://openalex.org/W4224292523
https://openalex.org/W4412499249,https://openalex.org/W4402599931
https://openalex.org/W7124164009,https://openalex.org/W4323812768
https://openalex.org/W7124164009,https://openalex.org/W4401514598
https://openalex.org/W4395032966,https://openalex.org/W3195610698
https://openalex.org/W4406189691,https://openalex.org/W3205619139
https://openalex.org/W3217714825,https://openalex.org/W3217714825
https://openalex.org/W4413925442,https://openalex.org/W4306679755
https://openalex.org/W4413925442,https://openalex.org/W4323645788
https://openalex.org/W7126151371,https://openalex.org/W4213126820
https://openalex.org/W7126151371,https://openalex.org/W4391849290
https://openalex.org/W7126151371,https://openalex.org/W4402642234
https://openalex.org/W4387871782,https://openalex.org/W3155320021
https://openalex.org/W4398183050,https://openalex.org/W3153781715
https://openalex.org/W4411440104,https://openalex.org/W4411440104
https://openalex.org/W7155218645,https://openalex.org/W4410250330
https://openalex.org/W4402128641,https://openalex.org/W4212923051
https://openalex.org/W7172302618,https://openalex.org/W7122401816
https://openalex.org/W4417210318,https://openalex.org/W3167316166
https://openalex.org/W4417210318,https://openalex.org/W4311001167
https://openalex.org/W4417210318,https://openalex.org/W4383821957
https://openalex.org/W4417210318,https://openalex.org/W4387503119
https://openalex.org/W4417210318,https://openalex.org/W4387953077
https://openalex.org/W4417210318,https://openalex.org/W4390572174
https://openalex.org/W4417210318,https://openalex.org/W4391541434
https://openalex.org/W4417210318,https://openalex.org/W4405468169
https://openalex.org/W4214870682,https://openalex.org/W3135981668
https://openalex.org/W4214870682,https://openalex.org/W3177254759
https://openalex.org/W4402595128,https://openalex.org/W4312219141
https://openalex.org/W4402595128,https://openalex.org/W4361029949
https://openalex.org/W4402595128,https://openalex.org/W4390416451
https://openalex.org/W4402595128,https://openalex.org/W4391759783
https://openalex.org/W4402595128,https://openalex.org/W4393144915
https://openalex.org/W4402595128,https://openalex.org/W4394595774
https://openalex.org/W4402595128,https://openalex.org/W4396575244
https://openalex.org/W4402563059,https://openalex.org/W4390262848
https://openalex.org/W4414037340,https://openalex.org/W3200054614
https://openalex.org/W4414037340,https://openalex.org/W4362552239
https://openalex.org/W4367059779,https://openalex.org/W3211138370
https://openalex.org/W4367059779,https://openalex.org/W4322491964
https://openalex.org/W4367059779,https://openalex.org/W4379162256
https://openalex.org/W4389721268,https://openalex.org/W4282924667
https://openalex.org/W4402105953,https://openalex.org/W3126627207
https://openalex.org/W4402105953,https://openalex.org/W3197848201
https://openalex.org/W4402105953,https://openalex.org/W4210275647
https://openalex.org/W4402105953,https://openalex.org/W4298126387
https://openalex.org/W4402105953,https://openalex.org/W4311305880
https://openalex.org/W4402105953,https://openalex.org/W4321350407
https://openalex.org/W4402105953,https://openalex.org/W4367044528
https://openalex.org/W4402105953,https://openalex.org/W4380870855
https://openalex.org/W4402105953,https://openalex.org/W4384945012
https://openalex.org/W4402105953,https://openalex.org/W4385741065
https://openalex.org/W4402105953,https://openalex.org/W4387443097
https://openalex.org/W4402105953,https://openalex.org/W4392221682
https://openalex.org/W4387846348,https://openalex.org/W4365791236
https://openalex.org/W4386438687,https://openalex.org/W3118666024
https://openalex.org/W4386438687,https://openalex.org/W3167739453
https://openalex.org/W4386438687,https://openalex.org/W3208577405
https://openalex.org/W4386438687,https://openalex.org/W4282916257
https://openalex.org/W4386438687,https://openalex.org/W4293577309
https://openalex.org/W4386967844,https://openalex.org/W3197950969
https://openalex.org/W4386967844,https://openalex.org/W4286784900
https://openalex.org/W4307125471,https://openalex.org/W3129711800
https://openalex.org/W4307125471,https://openalex.org/W3169530204
https://openalex.org/W4307125471,https://openalex.org/W3184968032
https://openalex.org/W4307125471,https://openalex.org/W3200021964
https://openalex.org/W4307125471,https://openalex.org/W4224871336
https://openalex.org/W4401724367,https://openalex.org/W4310363169
https://openalex.org/W4401724367,https://openalex.org/W4401725266
https://openalex.org/W4401724367,https://openalex.org/W4401858468
https://openalex.org/W4401724367,https://openalex.org/W4402110527
https://openalex.org/W4401724367,https://openalex.org/W4402259823
https://openalex.org/W4313325724,https://openalex.org/W4221019370
https://openalex.org/W7124701235,https://openalex.org/W4224229548
https://openalex.org/W4285210594,https://openalex.org/W4211044355
https://openalex.org/W7148567418,https://openalex.org/W4404133722
https://openalex.org/W7148567418,https://openalex.org/W4408793582
https://openalex.org/W4400709991,https://openalex.org/W4382656802
https://openalex.org/W4214863464,https://openalex.org/W3133329762
https://openalex.org/W4214863464,https://openalex.org/W3134195618
https://openalex.org/W4214863464,https://openalex.org/W3169520380
https://openalex.org/W4290725175,https://openalex.org/W3137656104
https://openalex.org/W4290725175,https://openalex.org/W3191584660
https://openalex.org/W7204831663,https://openalex.org/W4403944099
https://openalex.org/W4414258587,https://openalex.org/W3013345219
https://openalex.org/W4414258587,https://openalex.org/W3099581372
https://openalex.org/W4414258587,https://openalex.org/W3140674682
https://openalex.org/W4414258587,https://openalex.org/W3172194426
https://openalex.org/W4414258587,https://openalex.org/W3211138370
https://openalex.org/W4414258587,https://openalex.org/W4319729410
https://openalex.org/W4414258587,https://openalex.org/W4319730355
https://openalex.org/W4414258587,https://openalex.org/W4322491964
https://openalex.org/W4414258587,https://openalex.org/W4385802926
https://openalex.org/W4414258587,https://openalex.org/W4388694194
https://openalex.org/W4414258587,https://openalex.org/W4399488953
https://openalex.org/W4414258587,https://openalex.org/W4399800000
https://openalex.org/W4387671652,https://openalex.org/W3129426031
https://openalex.org/W4387671652,https://openalex.org/W4284699798
https://openalex.org/W4393192062,https://openalex.org/W4293213756
https://openalex.org/W4393192062,https://openalex.org/W4307343662
https://openalex.org/W4393192062,https://openalex.org/W4322629262
https://openalex.org/W4376653685,https://openalex.org/W3190622163
https://openalex.org/W4376653685,https://openalex.org/W4409645769
https://openalex.org/W3163541922,https://openalex.org/W3118786201
https://openalex.org/W3163541922,https://openalex.org/W3163541922
https://openalex.org/W4395028174,https://openalex.org/W4383722515
https://openalex.org/W4395028174,https://openalex.org/W4385819980
https://openalex.org/W4414262873,https://openalex.org/W4388290899
https://openalex.org/W7106042515,https://openalex.org/W4365211514
https://openalex.org/W7106042515,https://openalex.org/W4365211529
https://openalex.org/W7106042515,https://openalex.org/W4392120362
https://openalex.org/W4387439353,https://openalex.org/W4385606136
https://openalex.org/W4406242482,https://openalex.org/W4226283940
https://openalex.org/W4309570498,https://openalex.org/W3192694809
https://openalex.org/W4309570498,https://openalex.org/W3197028540
https://openalex.org/W4389935857,https://openalex.org/W4296669969
https://openalex.org/W4389935857,https://openalex.org/W4297989307
https://openalex.org/W4223423615,https://openalex.org/W4281964852
https://openalex.org/W4311029834,https://openalex.org/W4224995928
https://openalex.org/W4390075421,https://openalex.org/W3126680560
https://openalex.org/W4390075421,https://openalex.org/W3128130707
https://openalex.org/W4390075421,https://openalex.org/W4224215294
https://openalex.org/W4390075421,https://openalex.org/W4313829366
https://openalex.org/W4390075421,https://openalex.org/W4316013419
https://openalex.org/W7166547509,https://openalex.org/W4410912398
https://openalex.org/W7166547509,https://openalex.org/W4415495265
https://openalex.org/W7172529424,https://openalex.org/W4293087032
https://openalex.org/W7172529424,https://openalex.org/W4405987166
https://openalex.org/W7172529424,https://openalex.org/W4412447950
https://openalex.org/W4415781815,https://openalex.org/W4200188559
https://openalex.org/W4415781815,https://openalex.org/W4295479831
https://openalex.org/W4415781815,https://openalex.org/W4387048873
https://openalex.org/W4415781815,https://openalex.org/W4404171400
https://openalex.org/W4415781815,https://openalex.org/W4409257489
https://openalex.org/W4415781815,https://openalex.org/W4410169770
https://openalex.org/W4407263927,https://openalex.org/W4394905311
https://openalex.org/W4405834039,https://openalex.org/W2963002078
https://openalex.org/W4409205568,https://openalex.org/W4388695521
https://openalex.org/W4409205568,https://openalex.org/W4399320960
https://openalex.org/W4409205568,https://openalex.org/W4403498463
https://openalex.org/W4409205568,https://openalex.org/W4407121781
https://openalex.org/W4295128642,https://openalex.org/W4283797869
https://openalex.org/W4387966698,https://openalex.org/W4289835801
https://openalex.org/W7171027857,https://openalex.org/W4224292523
https://openalex.org/W7171027857,https://openalex.org/W4410776018
https://openalex.org/W7171027857,https://openalex.org/W4412741670
https://openalex.org/W7171027857,https://openalex.org/W4412828102
https://openalex.org/W4389054312,https://openalex.org/W4323366137
https://openalex.org/W4386588725,https://openalex.org/W3172592264
https://openalex.org/W4386588725,https://openalex.org/W4399804170
https://openalex.org/W4388491559,https://openalex.org/W3163730956
https://openalex.org/W4380423290,https://openalex.org/W4366351954
https://openalex.org/W4399996476,https://openalex.org/W3136852132
https://openalex.org/W4404460405,https://openalex.org/W4200281644
https://openalex.org/W4404460405,https://openalex.org/W4395072014
https://openalex.org/W4362677166,https://openalex.org/W3199646181
https://openalex.org/W4362677166,https://openalex.org/W4280492942
https://openalex.org/W7127601426,https://openalex.org/W3118346788
https://openalex.org/W7127601426,https://openalex.org/W3162931215
https://openalex.org/W4200468535,https://openalex.org/W4318264092
https://openalex.org/W4396882531,https://openalex.org/W3112618968
https://openalex.org/W4396882531,https://openalex.org/W3178960719
https://openalex.org/W4396882531,https://openalex.org/W4385258612
https://openalex.org/W3136286676,https://openalex.org/W3130485891
https://openalex.org/W4393978878,https://openalex.org/W3157227195
https://openalex.org/W4393978878,https://openalex.org/W3159961903
https://openalex.org/W4405495770,https://openalex.org/W4220848155
https://openalex.org/W4404820072,https://openalex.org/W3154925182
https://openalex.org/W4391577922,https://openalex.org/W3134615649
https://openalex.org/W4391577922,https://openalex.org/W4306688040
https://openalex.org/W7154078830,https://openalex.org/W4214628059
https://openalex.org/W4416202468,https://openalex.org/W4310648975
https://openalex.org/W4313451793,https://openalex.org/W4200049241
https://openalex.org/W4400607030,https://openalex.org/W4387772078
https://openalex.org/W4281395656,https://openalex.org/W3178648211
https://openalex.org/W4394595774,https://openalex.org/W4391424134
https://openalex.org/W4405739896,https://openalex.org/W3165403918
https://openalex.org/W4405739896,https://openalex.org/W4389133845
https://openalex.org/W4405739896,https://openalex.org/W4399758930
https://openalex.org/W4281798741,https://openalex.org/W3134560764
https://openalex.org/W4411627707,https://openalex.org/W3161010337
https://openalex.org/W4411627707,https://openalex.org/W4404458944
https://openalex.org/W7141815178,https://openalex.org/W3129426031
https://openalex.org/W7141815178,https://openalex.org/W4309244557
https://openalex.org/W7141815178,https://openalex.org/W4372214840
https://openalex.org/W7141815178,https://openalex.org/W4391464187
https://openalex.org/W7141815178,https://openalex.org/W4403965451
https://openalex.org/W4409281687,https://openalex.org/W4389740775
https://openalex.org/W4409281687,https://openalex.org/W4392513509
https://openalex.org/W4409281687,https://openalex.org/W4397041465
https://openalex.org/W4409281687,https://openalex.org/W4403776346
https://openalex.org/W4407078409,https://openalex.org/W3118196774
https://openalex.org/W4407078409,https://openalex.org/W3118875409
https://openalex.org/W4407078409,https://openalex.org/W3119664292
https://openalex.org/W4407078409,https://openalex.org/W3157065452
https://openalex.org/W4407078409,https://openalex.org/W3193223779
https://openalex.org/W4407078409,https://openalex.org/W3203428752
https://openalex.org/W4407078409,https://openalex.org/W4282007552
https://openalex.org/W4407078409,https://openalex.org/W4283750065
https://openalex.org/W4407078409,https://openalex.org/W4288368491
https://openalex.org/W4407078409,https://openalex.org/W4318052223
https://openalex.org/W4407078409,https://openalex.org/W4319336372
https://openalex.org/W4407078409,https://openalex.org/W4376225771
https://openalex.org/W4407078409,https://openalex.org/W4379107271
https://openalex.org/W4386517154,https://openalex.org/W4398462875
https://openalex.org/W7167075308,https://openalex.org/W4408528606
https://openalex.org/W4372269182,https://openalex.org/W4200273234
https://openalex.org/W4372269182,https://openalex.org/W4224871336
https://openalex.org/W4372269182,https://openalex.org/W4388018939
https://openalex.org/W4412651027,https://openalex.org/W4402494894
https://openalex.org/W4380625396,https://openalex.org/W4367172150
https://openalex.org/W4404269585,https://openalex.org/W3130456765
https://openalex.org/W7167039222,https://openalex.org/W4205910918
https://openalex.org/W7167039222,https://openalex.org/W4386691780
https://openalex.org/W7167039222,https://openalex.org/W4389794559
https://openalex.org/W7167039222,https://openalex.org/W4409140981
https://openalex.org/W4211060001,https://openalex.org/W4211021803
https://openalex.org/W4414790218,https://openalex.org/W3199551559
https://openalex.org/W4414790218,https://openalex.org/W4293223332
https://openalex.org/W4414790218,https://openalex.org/W4323975495
https://openalex.org/W4414790218,https://openalex.org/W4410774156
https://openalex.org/W4406215985,https://openalex.org/W4400767200
https://openalex.org/W4406215985,https://openalex.org/W4401306065
https://openalex.org/W4312589922,https://openalex.org/W4367627324
https://openalex.org/W4385453616,https://openalex.org/W4200433150
https://openalex.org/W4385453616,https://openalex.org/W4289519362
https://openalex.org/W4385453616,https://openalex.org/W4312645560
https://openalex.org/W4405470882,https://openalex.org/W4399525463
https://openalex.org/W4405470882,https://openalex.org/W4400913718
https://openalex.org/W4389490838,https://openalex.org/W3126680560
https://openalex.org/W4389490838,https://openalex.org/W4313829366
https://openalex.org/W4389490838,https://openalex.org/W4316013419
https://openalex.org/W4416239798,https://openalex.org/W3123066388
https://openalex.org/W4416239798,https://openalex.org/W4382362604
https://openalex.org/W4416239798,https://openalex.org/W4383558606
https://openalex.org/W7196960591,https://openalex.org/W4213197402
https://openalex.org/W4402099446,https://openalex.org/W4310500731
https://openalex.org/W4409953705,https://openalex.org/W3211570432
https://openalex.org/W4409953705,https://openalex.org/W4212947648
https://openalex.org/W4409953705,https://openalex.org/W4391340910
https://openalex.org/W4409953705,https://openalex.org/W4399970858
https://openalex.org/W4409953705,https://openalex.org/W4400884047
https://openalex.org/W4409953705,https://openalex.org/W4408598764
https://openalex.org/W4408243174,https://openalex.org/W4399934501
https://openalex.org/W4402591626,https://openalex.org/W3210995462
https://openalex.org/W4312898644,https://openalex.org/W4223586464
https://openalex.org/W7162520117,https://openalex.org/W4308973895
https://openalex.org/W7162520117,https://openalex.org/W4401566911
https://openalex.org/W4385306064,https://openalex.org/W3214887515
https://openalex.org/W4413406470,https://openalex.org/W3157621000
https://openalex.org/W4413406470,https://openalex.org/W4385683676
https://openalex.org/W4407321855,https://openalex.org/W3138355402
https://openalex.org/W4407321855,https://openalex.org/W3181562686
https://openalex.org/W4407321855,https://openalex.org/W4205788227
https://openalex.org/W4407321855,https://openalex.org/W4281706473
https://openalex.org/W4407321855,https://openalex.org/W4378221553
https://openalex.org/W4407321855,https://openalex.org/W4390747901
https://openalex.org/W4402402019,https://openalex.org/W4291536270
https://openalex.org/W4402402019,https://openalex.org/W4293331939
https://openalex.org/W4402402019,https://openalex.org/W4307585183
https://openalex.org/W4402402019,https://openalex.org/W4317779826
https://openalex.org/W4392086789,https://openalex.org/W3134195618
https://openalex.org/W4392086789,https://openalex.org/W4281767172
https://openalex.org/W4392086789,https://openalex.org/W4311419502
https://openalex.org/W4392086789,https://openalex.org/W4372354924
https://openalex.org/W7106155202,https://openalex.org/W4313554681
https://openalex.org/W7106155202,https://openalex.org/W4387742424
https://openalex.org/W7106155202,https://openalex.org/W4400386660
https://openalex.org/W7106155202,https://openalex.org/W4403756919
https://openalex.org/W7106155202,https://openalex.org/W4404480178
https://openalex.org/W4288455157,https://openalex.org/W4213326116
https://openalex.org/W4390979318,https://openalex.org/W3193988690
https://openalex.org/W4390979318,https://openalex.org/W3205944703
https://openalex.org/W4390979318,https://openalex.org/W4297018231
https://openalex.org/W4308139147,https://openalex.org/W3161409531
https://openalex.org/W4308139147,https://openalex.org/W3177858951
https://openalex.org/W4212866884,https://openalex.org/W3044436878
https://openalex.org/W4212866884,https://openalex.org/W3112618968
https://openalex.org/W4212866884,https://openalex.org/W3139319730
https://openalex.org/W4212866884,https://openalex.org/W3178960719
https://openalex.org/W4399567390,https://openalex.org/W4383101017
https://openalex.org/W4390409779,https://openalex.org/W4253933763
https://openalex.org/W4390409779,https://openalex.org/W4281291537
https://openalex.org/W7202166359,https://openalex.org/W4406866300
https://openalex.org/W4414860758,https://openalex.org/W4391809604
https://openalex.org/W4414860758,https://openalex.org/W4409280206
https://openalex.org/W4381890869,https://openalex.org/W4200337629
https://openalex.org/W4321503257,https://openalex.org/W4300167026
https://openalex.org/W4361225377,https://openalex.org/W3179065933
https://openalex.org/W4411309823,https://openalex.org/W4407131452
https://openalex.org/W4416170505,https://openalex.org/W4401730022
https://openalex.org/W4306317693,https://openalex.org/W3178666498
https://openalex.org/W4306317693,https://openalex.org/W3210084272
https://openalex.org/W4306317693,https://openalex.org/W4226373550
https://openalex.org/W4417151430,https://openalex.org/W3201472890
https://openalex.org/W4417151430,https://openalex.org/W4280642850
https://openalex.org/W4417151430,https://openalex.org/W4289667180
https://openalex.org/W4385241928,https://openalex.org/W3118821465
https://openalex.org/W4385241928,https://openalex.org/W3135083166
https://openalex.org/W4385241928,https://openalex.org/W4210416610
https://openalex.org/W4385241928,https://openalex.org/W4306176727
https://openalex.org/W4385241928,https://openalex.org/W4306250782
https://openalex.org/W4406971035,https://openalex.org/W4205111263
https://openalex.org/W4406971035,https://openalex.org/W4283208926
https://openalex.org/W4406971035,https://openalex.org/W4382725747
https://openalex.org/W4391449940,https://openalex.org/W3084641928
https://openalex.org/W4391449940,https://openalex.org/W3122725988
https://openalex.org/W4391449940,https://openalex.org/W4225407198
https://openalex.org/W4391449940,https://openalex.org/W4319752452
https://openalex.org/W4391449940,https://openalex.org/W4323651929
https://openalex.org/W4386530848,https://openalex.org/W3157614634
https://openalex.org/W4386530848,https://openalex.org/W3200809090
https://openalex.org/W4405110759,https://openalex.org/W4360612585
https://openalex.org/W4405110759,https://openalex.org/W4388128237
https://openalex.org/W4210693348,https://openalex.org/W3189199117
https://openalex.org/W3123469494,https://openalex.org/W3125497581
https://openalex.org/W7162402182,https://openalex.org/W3126074238
https://openalex.org/W7162402182,https://openalex.org/W4286493284
https://openalex.org/W7162402182,https://openalex.org/W7155039461
https://openalex.org/W4408581698,https://openalex.org/W4205107268
https://openalex.org/W4416918832,https://openalex.org/W4402713923
https://openalex.org/W4399070242,https://openalex.org/W3197244601
https://openalex.org/W4399070242,https://openalex.org/W4315784059
https://openalex.org/W4399070242,https://openalex.org/W4383341825
https://openalex.org/W4399070242,https://openalex.org/W4385620201
https://openalex.org/W4313473074,https://openalex.org/W3136431815
https://openalex.org/W4313473074,https://openalex.org/W3157037438
https://openalex.org/W7117478547,https://openalex.org/W4310446064
https://openalex.org/W4414532903,https://openalex.org/W4224871336
https://openalex.org/W4414532903,https://openalex.org/W4307125471
https://openalex.org/W4414532903,https://openalex.org/W4366352829
https://openalex.org/W4414532903,https://openalex.org/W4386485017
https://openalex.org/W4414532903,https://openalex.org/W4388018939
https://openalex.org/W4414532903,https://openalex.org/W4404864724
https://openalex.org/W4386953279,https://openalex.org/W3174294815
https://openalex.org/W3129579651,https://openalex.org/W3127584525
https://openalex.org/W4389462498,https://openalex.org/W4280511282
https://openalex.org/W7161254418,https://openalex.org/W4401724551
https://openalex.org/W7161254418,https://openalex.org/W4401858468
https://openalex.org/W7161254418,https://openalex.org/W4417124163
https://openalex.org/W7161254418,https://openalex.org/W7154022732
https://openalex.org/W4407845274,https://openalex.org/W3136533732
https://openalex.org/W4407845274,https://openalex.org/W3157375112
https://openalex.org/W4407845274,https://openalex.org/W4319000720
https://openalex.org/W4407845274,https://openalex.org/W4323567415
https://openalex.org/W4391157062,https://openalex.org/W3155320021
https://openalex.org/W4391157062,https://openalex.org/W3198730646
https://openalex.org/W4391157062,https://openalex.org/W4205852692
https://openalex.org/W4391157062,https://openalex.org/W4319458896
https://openalex.org/W4413104436,https://openalex.org/W4403837013
https://openalex.org/W4210275647,https://openalex.org/W3129711800
https://openalex.org/W4210275647,https://openalex.org/W3164962350
https://openalex.org/W4210275647,https://openalex.org/W3184968032
https://openalex.org/W4210275647,https://openalex.org/W3200021964
https://openalex.org/W7160204564,https://openalex.org/W4221002349
https://openalex.org/W4361865415,https://openalex.org/W2963002078
https://openalex.org/W4361865415,https://openalex.org/W3112618968
https://openalex.org/W4361865415,https://openalex.org/W3130715910
https://openalex.org/W4361865415,https://openalex.org/W3178960719
https://openalex.org/W4361865415,https://openalex.org/W3215123559
https://openalex.org/W4380086303,https://openalex.org/W4214907722
https://openalex.org/W2890604215,https://openalex.org/W2199095502
https://openalex.org/W4367598665,https://openalex.org/W3159961903
https://openalex.org/W4410288647,https://openalex.org/W4226043498
https://openalex.org/W4410288647,https://openalex.org/W4379919686
https://openalex.org/W4408759222,https://openalex.org/W3088611318
https://openalex.org/W4408759222,https://openalex.org/W4315779842
https://openalex.org/W4280510729,https://openalex.org/W3176839860
https://openalex.org/W4280510729,https://openalex.org/W3183421176
https://openalex.org/W4280510729,https://openalex.org/W3212259792
https://openalex.org/W4280510729,https://openalex.org/W3214829633
https://openalex.org/W4405472755,https://openalex.org/W3139031185
https://openalex.org/W4405472755,https://openalex.org/W4224271177
https://openalex.org/W4405472755,https://openalex.org/W4283025150
https://openalex.org/W4405472755,https://openalex.org/W4366261286
https://openalex.org/W4405472755,https://openalex.org/W4366495375
https://openalex.org/W4321375526,https://openalex.org/W4321375526
https://openalex.org/W4392816471,https://openalex.org/W3211762520
https://openalex.org/W4392816471,https://openalex.org/W4220864360
https://openalex.org/W4392816471,https://openalex.org/W4303021939
https://openalex.org/W4392816471,https://openalex.org/W4323294709
https://openalex.org/W4392816471,https://openalex.org/W4385490657
https://openalex.org/W4392816471,https://openalex.org/W4387529101
https://openalex.org/W3047371806,https://openalex.org/W4207058175
https://openalex.org/W4385717830,https://openalex.org/W4322492128
https://openalex.org/W4412987244,https://openalex.org/W4387885801
https://openalex.org/W4229448086,https://openalex.org/W3182032301
https://openalex.org/W4229448086,https://openalex.org/W4220665899
https://openalex.org/W4412625178,https://openalex.org/W4223586464
https://openalex.org/W3176323679,https://openalex.org/W3157770066
https://openalex.org/W4383874636,https://openalex.org/W2963002078
https://openalex.org/W4383874636,https://openalex.org/W4319726866
https://openalex.org/W4406715464,https://openalex.org/W4389348936
https://openalex.org/W4392896728,https://openalex.org/W3080233460
https://openalex.org/W4392896728,https://openalex.org/W3136783532
https://openalex.org/W4392896728,https://openalex.org/W4286001865
https://openalex.org/W4392896728,https://openalex.org/W4386073173
https://openalex.org/W4212947648,https://openalex.org/W3211570432
https://openalex.org/W4417354286,https://openalex.org/W4206242836
https://openalex.org/W4417354286,https://openalex.org/W4361304792
https://openalex.org/W4417354286,https://openalex.org/W4402751498
https://openalex.org/W4386691780,https://openalex.org/W3134424702
https://openalex.org/W4386691780,https://openalex.org/W4205910918
https://openalex.org/W4393949977,https://openalex.org/W4280637657
https://openalex.org/W4393949977,https://openalex.org/W4281779019
https://openalex.org/W4393949977,https://openalex.org/W4286504946
https://openalex.org/W4393949977,https://openalex.org/W4365448131
https://openalex.org/W4402897727,https://openalex.org/W4393965227
https://openalex.org/W4392816777,https://openalex.org/W3195285363
https://openalex.org/W4392816777,https://openalex.org/W4229006963
https://openalex.org/W4392816777,https://openalex.org/W4296711220
https://openalex.org/W4392816777,https://openalex.org/W4304996631
https://openalex.org/W4392816777,https://openalex.org/W4306681774
https://openalex.org/W4392816777,https://openalex.org/W4308259629
https://openalex.org/W4308993704,https://openalex.org/W3198299413
https://openalex.org/W4391753610,https://openalex.org/W3207259074
https://openalex.org/W4391753610,https://openalex.org/W4384655958
https://openalex.org/W4407987573,https://openalex.org/W4407987573
https://openalex.org/W4407987573,https://openalex.org/W4407987811
https://openalex.org/W4381191853,https://openalex.org/W4384790545
https://openalex.org/W4402005186,https://openalex.org/W3125086289
https://openalex.org/W4402005186,https://openalex.org/W4289913845
https://openalex.org/W4408399882,https://openalex.org/W4211005106
https://openalex.org/W4415721422,https://openalex.org/W4394905311
https://openalex.org/W4205241237,https://openalex.org/W3165052511
https://openalex.org/W7163510388,https://openalex.org/W4412485569
https://openalex.org/W4412698925,https://openalex.org/W4406202800
https://openalex.org/W4412491642,https://openalex.org/W3155818854
https://openalex.org/W4412491642,https://openalex.org/W3173520655
https://openalex.org/W4412491642,https://openalex.org/W4323687959
https://openalex.org/W4412491642,https://openalex.org/W4407170761
https://openalex.org/W4400728931,https://openalex.org/W4281781931
https://openalex.org/W4400728931,https://openalex.org/W4385852760
https://openalex.org/W4385439370,https://openalex.org/W3174375172
https://openalex.org/W4385439370,https://openalex.org/W4206819973
https://openalex.org/W4385439370,https://openalex.org/W4292356720
https://openalex.org/W4400053396,https://openalex.org/W4379011314
https://openalex.org/W4404221552,https://openalex.org/W3166553362
https://openalex.org/W4404221552,https://openalex.org/W3195285363
https://openalex.org/W4404221552,https://openalex.org/W4283750700
https://openalex.org/W4404221552,https://openalex.org/W4296711220
https://openalex.org/W4404221552,https://openalex.org/W4304996631
https://openalex.org/W4404221552,https://openalex.org/W4376629381
https://openalex.org/W7171351130,https://openalex.org/W3168359365
https://openalex.org/W7171351130,https://openalex.org/W4206735805
https://openalex.org/W7171351130,https://openalex.org/W4396641340
https://openalex.org/W7171351130,https://openalex.org/W4396808380
https://openalex.org/W7171351130,https://openalex.org/W4398241068
https://openalex.org/W7171351130,https://openalex.org/W7163141458
https://openalex.org/W4385236489,https://openalex.org/W3185232196
https://openalex.org/W4385236489,https://openalex.org/W4293721658
https://openalex.org/W7171184212,https://openalex.org/W4391176808
https://openalex.org/W7171184212,https://openalex.org/W7117465589
https://openalex.org/W4415063416,https://openalex.org/W3126627207
https://openalex.org/W4415063416,https://openalex.org/W4224980446
https://openalex.org/W4415063416,https://openalex.org/W4307125471
https://openalex.org/W4415063416,https://openalex.org/W4403253117
https://openalex.org/W4415063416,https://openalex.org/W4404829656
https://openalex.org/W4415063416,https://openalex.org/W4408671002
https://openalex.org/W4392152202,https://openalex.org/W3198097576
https://openalex.org/W4392152202,https://openalex.org/W4318819237
https://openalex.org/W4405250163,https://openalex.org/W3216084566
https://openalex.org/W4405250163,https://openalex.org/W3217268717
https://openalex.org/W4405250163,https://openalex.org/W4319451601
https://openalex.org/W4405250163,https://openalex.org/W4391835439
https://openalex.org/W4405250163,https://openalex.org/W4400084127
https://openalex.org/W4408879092,https://openalex.org/W4214612539
https://openalex.org/W4408879092,https://openalex.org/W4388282063
https://openalex.org/W7130602836,https://openalex.org/W4403185738
https://openalex.org/W4407809208,https://openalex.org/W4220784494
https://openalex.org/W4407809208,https://openalex.org/W4292265649
https://openalex.org/W4407809208,https://openalex.org/W4376604490
https://openalex.org/W4390025301,https://openalex.org/W4293213756
https://openalex.org/W4390025301,https://openalex.org/W4387812519
https://openalex.org/W4414192981,https://openalex.org/W4310794463
https://openalex.org/W7203787302,https://openalex.org/W4200065817
https://openalex.org/W7203787302,https://openalex.org/W4322208041
https://openalex.org/W7203787302,https://openalex.org/W4400355038
https://openalex.org/W7203787302,https://openalex.org/W4414817712
https://openalex.org/W4226100567,https://openalex.org/W3169909418
https://openalex.org/W4402552335,https://openalex.org/W3136002517
https://openalex.org/W4402552335,https://openalex.org/W3147055522
https://openalex.org/W4402552335,https://openalex.org/W4210364767
https://openalex.org/W4402552335,https://openalex.org/W4310163492
https://openalex.org/W4402552335,https://openalex.org/W4312094454
https://openalex.org/W4402552335,https://openalex.org/W4380870855
https://openalex.org/W4402552335,https://openalex.org/W4395052434
https://openalex.org/W4402552335,https://openalex.org/W4398138066
https://openalex.org/W7130609481,https://openalex.org/W4317434061
https://openalex.org/W4393943461,https://openalex.org/W3173556662
https://openalex.org/W4393943461,https://openalex.org/W4393955203
https://openalex.org/W4408181385,https://openalex.org/W4385519419
https://openalex.org/W4377698101,https://openalex.org/W3178879534
https://openalex.org/W4377698101,https://openalex.org/W4387394339
https://openalex.org/W7214948384,https://openalex.org/W4406633757
https://openalex.org/W7214948384,https://openalex.org/W7160520987
https://openalex.org/W4408363729,https://openalex.org/W4401173259
https://openalex.org/W7168765402,https://openalex.org/W4301180901
https://openalex.org/W7168765402,https://openalex.org/W4309880027
https://openalex.org/W7168765402,https://openalex.org/W4387728681
https://openalex.org/W7168765402,https://openalex.org/W4406587504
https://openalex.org/W4414311992,https://openalex.org/W4283459025
https://openalex.org/W4413981109,https://openalex.org/W4412561233
https://openalex.org/W4385415369,https://openalex.org/W3185354914
https://openalex.org/W4385415369,https://openalex.org/W3209616586
https://openalex.org/W4385415369,https://openalex.org/W4283758544
https://openalex.org/W4385415369,https://openalex.org/W4379967642
https://openalex.org/W4387900153,https://openalex.org/W4280548475
https://openalex.org/W4387900153,https://openalex.org/W4313366978
https://openalex.org/W7201887343,https://openalex.org/W4385638969
https://openalex.org/W7117158665,https://openalex.org/W4402489879
https://openalex.org/W4415784757,https://openalex.org/W4205556422
https://openalex.org/W4415784757,https://openalex.org/W4281842009
https://openalex.org/W4414338775,https://openalex.org/W4206371996
https://openalex.org/W4414338775,https://openalex.org/W4226373550
https://openalex.org/W4414338775,https://openalex.org/W4306317693
https://openalex.org/W4414338775,https://openalex.org/W4406203512
https://openalex.org/W4414338775,https://openalex.org/W4413038060
https://openalex.org/W4409310918,https://openalex.org/W3126680560
https://openalex.org/W4409310918,https://openalex.org/W4405047176
https://openalex.org/W3207297041,https://openalex.org/W3184319873
https://openalex.org/W3207297041,https://openalex.org/W3207297041
https://openalex.org/W3207297041,https://openalex.org/W4210310905
https://openalex.org/W4319461532,https://openalex.org/W3173366033
https://openalex.org/W4390150932,https://openalex.org/W3179709780
https://openalex.org/W7161826344,https://openalex.org/W4411016878
https://openalex.org/W7161826344,https://openalex.org/W7154022732
https://openalex.org/W4200563456,https://openalex.org/W3121026993
https://openalex.org/W4200563456,https://openalex.org/W3124543059
https://openalex.org/W4200563456,https://openalex.org/W3194709117
https://openalex.org/W4406570176,https://openalex.org/W4310733117
https://openalex.org/W7168241946,https://openalex.org/W4399913545
https://openalex.org/W4286697925,https://openalex.org/W3134148631
https://openalex.org/W4286697925,https://openalex.org/W3212545631
https://openalex.org/W4286697925,https://openalex.org/W4285258612
https://openalex.org/W4321369060,https://openalex.org/W3163541934
https://openalex.org/W4387950158,https://openalex.org/W3135485603
https://openalex.org/W4220752070,https://openalex.org/W3202490030
https://openalex.org/W4400668786,https://openalex.org/W3112618968
https://openalex.org/W4400668786,https://openalex.org/W3178960719
https://openalex.org/W4400668786,https://openalex.org/W4213472466
https://openalex.org/W4400668786,https://openalex.org/W4390832236
https://openalex.org/W4400668786,https://openalex.org/W4400668790
https://openalex.org/W4206083754,https://openalex.org/W3012690826
https://openalex.org/W4414031910,https://openalex.org/W4398160111
https://openalex.org/W4414031910,https://openalex.org/W4410455785
https://openalex.org/W4399740082,https://openalex.org/W4320502321
https://openalex.org/W4383058434,https://openalex.org/W3211349130
https://openalex.org/W4399566373,https://openalex.org/W3132271809
https://openalex.org/W4399566373,https://openalex.org/W3203593820
https://openalex.org/W4410550336,https://openalex.org/W4313546498
https://openalex.org/W4410550336,https://openalex.org/W4404044139
https://openalex.org/W7164179764,https://openalex.org/W4403062839
https://openalex.org/W4306681774,https://openalex.org/W3195285363
https://openalex.org/W4306681774,https://openalex.org/W4229006963
https://openalex.org/W4306681774,https://openalex.org/W4283750700
https://openalex.org/W4389979069,https://openalex.org/W3110713251
https://openalex.org/W4389979069,https://openalex.org/W3122725988
https://openalex.org/W4389979069,https://openalex.org/W3214683409
https://openalex.org/W4389979069,https://openalex.org/W4225407198
https://openalex.org/W4389979069,https://openalex.org/W4281660682
https://openalex.org/W4401381016,https://openalex.org/W3135434353
https://openalex.org/W4401381016,https://openalex.org/W4300724969
https://openalex.org/W4401381016,https://openalex.org/W4301180901
https://openalex.org/W4401381016,https://openalex.org/W4319443245
https://openalex.org/W4401381016,https://openalex.org/W4387728681
https://openalex.org/W4293079163,https://openalex.org/W4281385534
https://openalex.org/W4395470331,https://openalex.org/W4229445750
https://openalex.org/W4392001857,https://openalex.org/W4324157285
https://openalex.org/W4413058143,https://openalex.org/W4320484637
https://openalex.org/W4221140648,https://openalex.org/W3176122385
https://openalex.org/W4396729057,https://openalex.org/W4396729057
https://openalex.org/W4412904079,https://openalex.org/W4205904032
https://openalex.org/W4412904079,https://openalex.org/W4387503581
https://openalex.org/W4412904079,https://openalex.org/W4406143310
https://openalex.org/W4412904079,https://openalex.org/W4410740645
https://openalex.org/W4389815214,https://openalex.org/W3192103815
https://openalex.org/W4401000987,https://openalex.org/W4377164058
https://openalex.org/W4406407394,https://openalex.org/W3207259074
https://openalex.org/W4406407394,https://openalex.org/W4384655958
https://openalex.org/W4406407394,https://openalex.org/W4388512498
https://openalex.org/W4396215433,https://openalex.org/W4387664906
https://openalex.org/W4288051473,https://openalex.org/W4213437933
https://openalex.org/W4284898111,https://openalex.org/W4200321480
https://openalex.org/W4284898111,https://openalex.org/W4280559303
https://openalex.org/W4313731735,https://openalex.org/W4200367443
https://openalex.org/W4313731735,https://openalex.org/W4220722265
https://openalex.org/W4380902225,https://openalex.org/W4280567695
https://openalex.org/W4404591459,https://openalex.org/W4323810845
https://openalex.org/W4393952207,https://openalex.org/W4309424992
https://openalex.org/W7133227283,https://openalex.org/W3210084382
https://openalex.org/W7133227283,https://openalex.org/W4385611660
https://openalex.org/W7164550604,https://openalex.org/W4403597013
https://openalex.org/W7164550604,https://openalex.org/W4406288367
https://openalex.org/W7164550604,https://openalex.org/W4410038996
https://openalex.org/W7164550604,https://openalex.org/W4415991820
https://openalex.org/W3212635500,https://openalex.org/W3108723356
https://openalex.org/W3212635500,https://openalex.org/W3134040239
https://openalex.org/W4415840062,https://openalex.org/W3090767258
https://openalex.org/W4415840062,https://openalex.org/W3210040080
https://openalex.org/W4415840062,https://openalex.org/W4379647637
https://openalex.org/W4415840062,https://openalex.org/W4404034510
https://openalex.org/W4408323693,https://openalex.org/W4386159012
https://openalex.org/W4408323693,https://openalex.org/W4386159384
https://openalex.org/W4408323693,https://openalex.org/W4386159486
https://openalex.org/W4408323693,https://openalex.org/W4386160259
https://openalex.org/W7169061650,https://openalex.org/W4205556422
https://openalex.org/W7169061650,https://openalex.org/W4292489368
https://openalex.org/W7169061650,https://openalex.org/W4388035249
https://openalex.org/W4309412276,https://openalex.org/W4221127539
https://openalex.org/W4400238221,https://openalex.org/W4389951724
https://openalex.org/W4403042717,https://openalex.org/W4395013797
https://openalex.org/W4364382200,https://openalex.org/W4311884463
https://openalex.org/W4364382200,https://openalex.org/W4323569056
https://openalex.org/W4402364500,https://openalex.org/W3151676492
https://openalex.org/W4402364500,https://openalex.org/W4292977281
https://openalex.org/W7155373712,https://openalex.org/W4310080604
https://openalex.org/W7155373712,https://openalex.org/W4388203602
https://openalex.org/W4317583840,https://openalex.org/W3181562686
https://openalex.org/W4321612823,https://openalex.org/W4306681654
https://openalex.org/W4400241594,https://openalex.org/W4318586845
https://openalex.org/W4400241594,https://openalex.org/W4388007522
https://openalex.org/W4400241594,https://openalex.org/W4403808053
https://openalex.org/W4416692500,https://openalex.org/W4386789478
https://openalex.org/W4416692500,https://openalex.org/W4407994699
https://openalex.org/W4414401337,https://openalex.org/W4308294082
https://openalex.org/W4414135531,https://openalex.org/W4401770056
https://openalex.org/W4413048203,https://openalex.org/W3208775295
https://openalex.org/W4413048203,https://openalex.org/W4205407333
https://openalex.org/W4413048203,https://openalex.org/W4210767740
https://openalex.org/W4413048203,https://openalex.org/W4220702467
https://openalex.org/W4413048203,https://openalex.org/W4293872266
https://openalex.org/W4413048203,https://openalex.org/W4319293662
https://openalex.org/W4413048203,https://openalex.org/W4389488673
https://openalex.org/W4413048203,https://openalex.org/W4399104125
https://openalex.org/W4413048203,https://openalex.org/W4403040850
https://openalex.org/W4413048203,https://openalex.org/W4403701892
https://openalex.org/W4413048203,https://openalex.org/W4405828871
https://openalex.org/W4413048203,https://openalex.org/W4410861896
https://openalex.org/W4388042582,https://openalex.org/W2963002078
https://openalex.org/W4408214598,https://openalex.org/W4387865908
https://openalex.org/W4408214598,https://openalex.org/W4405931520
https://openalex.org/W4288084253,https://openalex.org/W3153626527
https://openalex.org/W4288084253,https://openalex.org/W4226087386
https://openalex.org/W7163655739,https://openalex.org/W4405088654
https://openalex.org/W4404101229,https://openalex.org/W3122208482
https://openalex.org/W4404101229,https://openalex.org/W3149797615
https://openalex.org/W4404101229,https://openalex.org/W3185120546
https://openalex.org/W4404101229,https://openalex.org/W4311019977
https://openalex.org/W4404101229,https://openalex.org/W4386133903
https://openalex.org/W7216425362,https://openalex.org/W3153626527
https://openalex.org/W7216425362,https://openalex.org/W4288084253
https://openalex.org/W7216425362,https://openalex.org/W4306888967
https://openalex.org/W7216425362,https://openalex.org/W4386477403
https://openalex.org/W7168236202,https://openalex.org/W4402673201
https://openalex.org/W7168236202,https://openalex.org/W4405709355
https://openalex.org/W7168236202,https://openalex.org/W4413320337
https://openalex.org/W7168236202,https://openalex.org/W4417053766
https://openalex.org/W4316814112,https://openalex.org/W3192038820
https://openalex.org/W4407225240,https://openalex.org/W4389166012
https://openalex.org/W7160880108,https://openalex.org/W7160644641
https://openalex.org/W4412721376,https://openalex.org/W4366452046
https://openalex.org/W4412721376,https://openalex.org/W4396495015
https://openalex.org/W4412721376,https://openalex.org/W4406572420
https://openalex.org/W4391562487,https://openalex.org/W3131392783
https://openalex.org/W4391562487,https://openalex.org/W4226083552
https://openalex.org/W4391562487,https://openalex.org/W4285223321
https://openalex.org/W4391562487,https://openalex.org/W4290378967
https://openalex.org/W4391562487,https://openalex.org/W4307676185
https://openalex.org/W4391562487,https://openalex.org/W4308954783
https://openalex.org/W4391562487,https://openalex.org/W4312038990
https://openalex.org/W4391562487,https://openalex.org/W4390410826
https://openalex.org/W4367313311,https://openalex.org/W3112618968
https://openalex.org/W4367313311,https://openalex.org/W3178960719
https://openalex.org/W4407601482,https://openalex.org/W4313654422
https://openalex.org/W7130698270,https://openalex.org/W4200266981
https://openalex.org/W4413055893,https://openalex.org/W3126192021
https://openalex.org/W4413055893,https://openalex.org/W4283034406
https://openalex.org/W4413055893,https://openalex.org/W4386376506
https://openalex.org/W4413055893,https://openalex.org/W4387805023
https://openalex.org/W4413055893,https://openalex.org/W4389387350
https://openalex.org/W4413055893,https://openalex.org/W4399515761
https://openalex.org/W4413055893,https://openalex.org/W4402194663
https://openalex.org/W4413055893,https://openalex.org/W4405177765
https://openalex.org/W4413055893,https://openalex.org/W4406184875
https://openalex.org/W4413055893,https://openalex.org/W4410190959
https://openalex.org/W4413055893,https://openalex.org/W4410358225
https://openalex.org/W4401843716,https://openalex.org/W4382681453
https://openalex.org/W4319721349,https://openalex.org/W3214399682
https://openalex.org/W4319721349,https://openalex.org/W4210437840
https://openalex.org/W4319721349,https://openalex.org/W4210653628
https://openalex.org/W4319721349,https://openalex.org/W4289518974
https://openalex.org/W4319721349,https://openalex.org/W4297473357
https://openalex.org/W4406471682,https://openalex.org/W3195285363
https://openalex.org/W4406471682,https://openalex.org/W4376629381
https://openalex.org/W4281661809,https://openalex.org/W3134314150
https://openalex.org/W4281661809,https://openalex.org/W3200575889
https://openalex.org/W4408988121,https://openalex.org/W4392579340
https://openalex.org/W4392640877,https://openalex.org/W4311931681
https://openalex.org/W4307711735,https://openalex.org/W4206257611
https://openalex.org/W4307711735,https://openalex.org/W4210752194
https://openalex.org/W4412128378,https://openalex.org/W4280535988
https://openalex.org/W4412128378,https://openalex.org/W4297902861
https://openalex.org/W4412128378,https://openalex.org/W4390750536
https://openalex.org/W4392292038,https://openalex.org/W4285904136
https://openalex.org/W4388014238,https://openalex.org/W3138753282
https://openalex.org/W4388014238,https://openalex.org/W3216861522
https://openalex.org/W4388014238,https://openalex.org/W4225326258
https://openalex.org/W4388014238,https://openalex.org/W4378783628
https://openalex.org/W4388014238,https://openalex.org/W4386125506
https://openalex.org/W4388014238,https://openalex.org/W4386222063
https://openalex.org/W4388014238,https://openalex.org/W4387059948
https://openalex.org/W3157227195,https://openalex.org/W3159961903
https://openalex.org/W4392626917,https://openalex.org/W4392626917
https://openalex.org/W4392681638,https://openalex.org/W3209552201
https://openalex.org/W7134821105,https://openalex.org/W4385270506
https://openalex.org/W4393551951,https://openalex.org/W4376137861
https://openalex.org/W4408524310,https://openalex.org/W4207038261
https://openalex.org/W7134248972,https://openalex.org/W4399320960
https://openalex.org/W7134248972,https://openalex.org/W4407121781
https://openalex.org/W7134248972,https://openalex.org/W4409205568
https://openalex.org/W7134248972,https://openalex.org/W7124454041
https://openalex.org/W4293223332,https://openalex.org/W3199551559
https://openalex.org/W4387353086,https://openalex.org/W3137657824
https://openalex.org/W4387353086,https://openalex.org/W4221065317
https://openalex.org/W4387353086,https://openalex.org/W4298012959
https://openalex.org/W4392586512,https://openalex.org/W4295969304
https://openalex.org/W4412691917,https://openalex.org/W4404122182
https://openalex.org/W4412691917,https://openalex.org/W4406105827
https://openalex.org/W4415425924,https://openalex.org/W3169552385
https://openalex.org/W4415425924,https://openalex.org/W4365514639
https://openalex.org/W4415425924,https://openalex.org/W4386055072
https://openalex.org/W4415425924,https://openalex.org/W4402567499
https://openalex.org/W4410511763,https://openalex.org/W3137144429
https://openalex.org/W4410511763,https://openalex.org/W4313314322
https://openalex.org/W4410511763,https://openalex.org/W4378783628
https://openalex.org/W4410511763,https://openalex.org/W4392028327
https://openalex.org/W4220947562,https://openalex.org/W3090256502
https://openalex.org/W4220947562,https://openalex.org/W3194629154
https://openalex.org/W4405134457,https://openalex.org/W4302290892
https://openalex.org/W4408828214,https://openalex.org/W3126380462
https://openalex.org/W4408828214,https://openalex.org/W3135696005
https://openalex.org/W4408828214,https://openalex.org/W3153994275
https://openalex.org/W4405768787,https://openalex.org/W4293224316
https://openalex.org/W7211968439,https://openalex.org/W4410618182
https://openalex.org/W4399480363,https://openalex.org/W4220863096
https://openalex.org/W4399480363,https://openalex.org/W4318819904
https://openalex.org/W4410539238,https://openalex.org/W4319297685
https://openalex.org/W4402330537,https://openalex.org/W4323366137
https://openalex.org/W4402330537,https://openalex.org/W4389054312
https://openalex.org/W4307414416,https://openalex.org/W4284683055
https://openalex.org/W4398781580,https://openalex.org/W3118467713
https://openalex.org/W4398781580,https://openalex.org/W3122059388
https://openalex.org/W4398781580,https://openalex.org/W3216098551
https://openalex.org/W4398781580,https://openalex.org/W4221078539
https://openalex.org/W4398781580,https://openalex.org/W4223641489
https://openalex.org/W4398781580,https://openalex.org/W4283021625
https://openalex.org/W7118193786,https://openalex.org/W3112618968
https://openalex.org/W7214727694,https://openalex.org/W4416201832
https://openalex.org/W4386082959,https://openalex.org/W4313511901
https://openalex.org/W4386082959,https://openalex.org/W4315698902
https://openalex.org/W4386082959,https://openalex.org/W4366250294
https://openalex.org/W4386082959,https://openalex.org/W4366259393
https://openalex.org/W4386082959,https://openalex.org/W4384158231
https://openalex.org/W4386082959,https://openalex.org/W4386072274
https://openalex.org/W4415254153,https://openalex.org/W4225680457
https://openalex.org/W4415254153,https://openalex.org/W4363678454
https://openalex.org/W4415254153,https://openalex.org/W4399134269
https://openalex.org/W4377018696,https://openalex.org/W3209468839
https://openalex.org/W4388716031,https://openalex.org/W3112618968
https://openalex.org/W4388716031,https://openalex.org/W3132271809
https://openalex.org/W4388716031,https://openalex.org/W3178960719
https://openalex.org/W4388716031,https://openalex.org/W4283644017
https://openalex.org/W4305071442,https://openalex.org/W4297154066
https://openalex.org/W4390231498,https://openalex.org/W3122795031
https://openalex.org/W4390231498,https://openalex.org/W4205691153
https://openalex.org/W4390231498,https://openalex.org/W4214821818
https://openalex.org/W4390231498,https://openalex.org/W4296194542
https://openalex.org/W4284880289,https://openalex.org/W3209134806
https://openalex.org/W4408978657,https://openalex.org/W4364366670
https://openalex.org/W4408978657,https://openalex.org/W4393383512
https://openalex.org/W4221161534,https://openalex.org/W3111256350
https://openalex.org/W4221161534,https://openalex.org/W3112618968
https://openalex.org/W4221161534,https://openalex.org/W3178960719
https://openalex.org/W4221161534,https://openalex.org/W3190301232
https://openalex.org/W4221161534,https://openalex.org/W4225003256
https://openalex.org/W3187479004,https://openalex.org/W3160436462
https://openalex.org/W4411664491,https://openalex.org/W3134489812
https://openalex.org/W4411664491,https://openalex.org/W3190035315
https://openalex.org/W4400884047,https://openalex.org/W3211570432
https://openalex.org/W4415818468,https://openalex.org/W4312645560
https://openalex.org/W4415818468,https://openalex.org/W4408100186
https://openalex.org/W4387415235,https://openalex.org/W3179303093
https://openalex.org/W4387415235,https://openalex.org/W4282971422
https://openalex.org/W4387415235,https://openalex.org/W4285087937
https://openalex.org/W4387415235,https://openalex.org/W4289755677
https://openalex.org/W4387415235,https://openalex.org/W4293484749
https://openalex.org/W4387415235,https://openalex.org/W4294785862
https://openalex.org/W4387415235,https://openalex.org/W4311454723
https://openalex.org/W4412664054,https://openalex.org/W4283015625
https://openalex.org/W4412664054,https://openalex.org/W4388414460
https://openalex.org/W4412664054,https://openalex.org/W4401053490
https://openalex.org/W4412664054,https://openalex.org/W4402660475
https://openalex.org/W4396907170,https://openalex.org/W4200199385
https://openalex.org/W7212553244,https://openalex.org/W4412876917
https://openalex.org/W7212553244,https://openalex.org/W4416016756
https://openalex.org/W3177246877,https://openalex.org/W3119738836
https://openalex.org/W4366814467,https://openalex.org/W3188354222
https://openalex.org/W4366814467,https://openalex.org/W4309398516
https://openalex.org/W3203531090,https://openalex.org/W3125777535
https://openalex.org/W4393933884,https://openalex.org/W4226288271
https://openalex.org/W4393933884,https://openalex.org/W4318715616
https://openalex.org/W4416659843,https://openalex.org/W4399973455
https://openalex.org/W4416659843,https://openalex.org/W4400499443
https://openalex.org/W4241494649,https://openalex.org/W3122795031
https://openalex.org/W4387588473,https://openalex.org/W4250801952
https://openalex.org/W4414928171,https://openalex.org/W4224257799
https://openalex.org/W4414928171,https://openalex.org/W4283021716
https://openalex.org/W4414928171,https://openalex.org/W4320039140
https://openalex.org/W4414928171,https://openalex.org/W4384471217
https://openalex.org/W4414928171,https://openalex.org/W4401955691
https://openalex.org/W4407800927,https://openalex.org/W4390752108
https://openalex.org/W3199200539,https://openalex.org/W4398646097
https://openalex.org/W4384811647,https://openalex.org/W4281897038
https://openalex.org/W4384811647,https://openalex.org/W4310773725
https://openalex.org/W4401396676,https://openalex.org/W4385740330
https://openalex.org/W4401396676,https://openalex.org/W4401396676
https://openalex.org/W4282000690,https://openalex.org/W3172547656
https://openalex.org/W4410924854,https://openalex.org/W4206371996
https://openalex.org/W4410924854,https://openalex.org/W4226373550
https://openalex.org/W4410924854,https://openalex.org/W4306317693
https://openalex.org/W4410924854,https://openalex.org/W4406203512
https://openalex.org/W4410924854,https://openalex.org/W4410219522
https://openalex.org/W4410924854,https://openalex.org/W4410740698
https://openalex.org/W4386453538,https://openalex.org/W3112618968
https://openalex.org/W4386453538,https://openalex.org/W3178960719
https://openalex.org/W4386453538,https://openalex.org/W3203593820
https://openalex.org/W4386453538,https://openalex.org/W4385201279
https://openalex.org/W4386453538,https://openalex.org/W4386453521
https://openalex.org/W3155592169,https://openalex.org/W3128238295
https://openalex.org/W4404028948,https://openalex.org/W3209814434
https://openalex.org/W4404028948,https://openalex.org/W4223541099
https://openalex.org/W4404028948,https://openalex.org/W4297990866
https://openalex.org/W4404028948,https://openalex.org/W4389625322
https://openalex.org/W4404028948,https://openalex.org/W4390742193
https://openalex.org/W4404028948,https://openalex.org/W4392123423
https://openalex.org/W4417506903,https://openalex.org/W4366452046
https://openalex.org/W4417506903,https://openalex.org/W4403449031
https://openalex.org/W4417506903,https://openalex.org/W4403751028
https://openalex.org/W4414117834,https://openalex.org/W3120784776
https://openalex.org/W4414117834,https://openalex.org/W3135010812
https://openalex.org/W4414117834,https://openalex.org/W4385232247
https://openalex.org/W4396575125,https://openalex.org/W4312219141
https://openalex.org/W4396575125,https://openalex.org/W4361029949
https://openalex.org/W4396575125,https://openalex.org/W4386159140
https://openalex.org/W4214898670,https://openalex.org/W3118432150
https://openalex.org/W4306888997,https://openalex.org/W3165955998
https://openalex.org/W7213325702,https://openalex.org/W3153626527
https://openalex.org/W7213325702,https://openalex.org/W3184516920
https://openalex.org/W7213325702,https://openalex.org/W4206142808
https://openalex.org/W7213325702,https://openalex.org/W4220934968
https://openalex.org/W7213325702,https://openalex.org/W4226063311
https://openalex.org/W7213325702,https://openalex.org/W4226087386
https://openalex.org/W7213325702,https://openalex.org/W4288084253
https://openalex.org/W7213325702,https://openalex.org/W4306888967
https://openalex.org/W7213325702,https://openalex.org/W4312181039
https://openalex.org/W7213325702,https://openalex.org/W4317831006
https://openalex.org/W7213325702,https://openalex.org/W4362458883
https://openalex.org/W7213325702,https://openalex.org/W4379987678
https://openalex.org/W7213325702,https://openalex.org/W4390494000
https://openalex.org/W7213325702,https://openalex.org/W4391519185
https://openalex.org/W7213325702,https://openalex.org/W4392156343
https://openalex.org/W7213325702,https://openalex.org/W4395077386
https://openalex.org/W7213325702,https://openalex.org/W4399391519
https://openalex.org/W7213325702,https://openalex.org/W4412727544
https://openalex.org/W7213325702,https://openalex.org/W4415208804
https://openalex.org/W7213325702,https://openalex.org/W4415375376
https://openalex.org/W7213325702,https://openalex.org/W4417291816
https://openalex.org/W7213325702,https://openalex.org/W7163526300
https://openalex.org/W4412986605,https://openalex.org/W4402686152
https://openalex.org/W7154225459,https://openalex.org/W4403498463
https://openalex.org/W7154225459,https://openalex.org/W4407121781
https://openalex.org/W7154225459,https://openalex.org/W4409205568
https://openalex.org/W7154225459,https://openalex.org/W7134248972
https://openalex.org/W4391302081,https://openalex.org/W3190812921
https://openalex.org/W4391302081,https://openalex.org/W4379879274
https://openalex.org/W4391302081,https://openalex.org/W4390698486
https://openalex.org/W3206796047,https://openalex.org/W3130566328
https://openalex.org/W4412986960,https://openalex.org/W4402687797
https://openalex.org/W7128501581,https://openalex.org/W4224861104
https://openalex.org/W7128501581,https://openalex.org/W4407963185
https://openalex.org/W7155560815,https://openalex.org/W4382400728
https://openalex.org/W7155560815,https://openalex.org/W4386890650
https://openalex.org/W4406029955,https://openalex.org/W3133604503
https://openalex.org/W4406029955,https://openalex.org/W3206812573
https://openalex.org/W4406029955,https://openalex.org/W3215183721
https://openalex.org/W4406029955,https://openalex.org/W4293693009
https://openalex.org/W4406029955,https://openalex.org/W4306818326
https://openalex.org/W4410704383,https://openalex.org/W4391482720
https://openalex.org/W4411267078,https://openalex.org/W3173556662
https://openalex.org/W4411267078,https://openalex.org/W4308644101
https://openalex.org/W4411267078,https://openalex.org/W4366453422
https://openalex.org/W4401612669,https://openalex.org/W3198497689
https://openalex.org/W4401612669,https://openalex.org/W4313485069
https://openalex.org/W4401612669,https://openalex.org/W4321481660
https://openalex.org/W4308512227,https://openalex.org/W4212938074
https://openalex.org/W4308512227,https://openalex.org/W4290861586
https://openalex.org/W4317182329,https://openalex.org/W4317182329
https://openalex.org/W4406574584,https://openalex.org/W3170766053
https://openalex.org/W4406574584,https://openalex.org/W4388510636
https://openalex.org/W4296448717,https://openalex.org/W3136788069
https://openalex.org/W4296448717,https://openalex.org/W4223422453
https://openalex.org/W4412543559,https://openalex.org/W4393943461
https://openalex.org/W4412543559,https://openalex.org/W4393955203
https://openalex.org/W4413121720,https://openalex.org/W3119738836
https://openalex.org/W4413121720,https://openalex.org/W3168359365
https://openalex.org/W4413121720,https://openalex.org/W3197033820
https://openalex.org/W4413121720,https://openalex.org/W4380325081
https://openalex.org/W4413121720,https://openalex.org/W4396641340
https://openalex.org/W4413121720,https://openalex.org/W4396808380
https://openalex.org/W4381332281,https://openalex.org/W3215183721
https://openalex.org/W4381332281,https://openalex.org/W4210437840
https://openalex.org/W4381332281,https://openalex.org/W4220845798
https://openalex.org/W4381332281,https://openalex.org/W4291130595
https://openalex.org/W4293213756,https://openalex.org/W3118535008
https://openalex.org/W4293213756,https://openalex.org/W3211762520
https://openalex.org/W4293213756,https://openalex.org/W3214261773
https://openalex.org/W4396952026,https://openalex.org/W3136777397
https://openalex.org/W4396952026,https://openalex.org/W3162669665
https://openalex.org/W4415549555,https://openalex.org/W3164530835
https://openalex.org/W4415549555,https://openalex.org/W4282924667
https://openalex.org/W4415549555,https://openalex.org/W4406864663
https://openalex.org/W4394711090,https://openalex.org/W4210321753
https://openalex.org/W4221154998,https://openalex.org/W3128239482
https://openalex.org/W4306250782,https://openalex.org/W3118821465
https://openalex.org/W4306250782,https://openalex.org/W3135083166
https://openalex.org/W4306250782,https://openalex.org/W4210416610
https://openalex.org/W4220772964,https://openalex.org/W3174932466
https://openalex.org/W4210310905,https://openalex.org/W3130566328
https://openalex.org/W4210310905,https://openalex.org/W3160643592
https://openalex.org/W4411848579,https://openalex.org/W4291536270
https://openalex.org/W4411848579,https://openalex.org/W4306931941
https://openalex.org/W4411848579,https://openalex.org/W4317779826
https://openalex.org/W4411848579,https://openalex.org/W4385761553
https://openalex.org/W4411848579,https://openalex.org/W4386763797
https://openalex.org/W4411848579,https://openalex.org/W4400009152
https://openalex.org/W4287378165,https://openalex.org/W4206197282
https://openalex.org/W4226377635,https://openalex.org/W3179812603
https://openalex.org/W4226377635,https://openalex.org/W4200353399
https://openalex.org/W4285594379,https://openalex.org/W3126627207
https://openalex.org/W4285594379,https://openalex.org/W3197848201
https://openalex.org/W4365509636,https://openalex.org/W4206416344
https://openalex.org/W4365509636,https://openalex.org/W4293574888
https://openalex.org/W4365509636,https://openalex.org/W4300863670
https://openalex.org/W4225317503,https://openalex.org/W3118875409
https://openalex.org/W4225317503,https://openalex.org/W3193223779
https://openalex.org/W4225317503,https://openalex.org/W3203428752
https://openalex.org/W4318819904,https://openalex.org/W3188446399
https://openalex.org/W4318819904,https://openalex.org/W4220863096
https://openalex.org/W4383998170,https://openalex.org/W3216666167
https://openalex.org/W4407896114,https://openalex.org/W4398216738
https://openalex.org/W3206345217,https://openalex.org/W2108143836
https://openalex.org/W4410219522,https://openalex.org/W4206371996
https://openalex.org/W4410219522,https://openalex.org/W4306317693
https://openalex.org/W4410219522,https://openalex.org/W4388922185
https://openalex.org/W4417527527,https://openalex.org/W3132699603
https://openalex.org/W4417527527,https://openalex.org/W4221019370
https://openalex.org/W4417527527,https://openalex.org/W4226322736
https://openalex.org/W4417527527,https://openalex.org/W4318264080
https://openalex.org/W4417527527,https://openalex.org/W4318681155
https://openalex.org/W4402626503,https://openalex.org/W4399042156
https://openalex.org/W7152610679,https://openalex.org/W4415041377
https://openalex.org/W4408613682,https://openalex.org/W2963002078
https://openalex.org/W4408613682,https://openalex.org/W3112618968
https://openalex.org/W4408613682,https://openalex.org/W3216850583
https://openalex.org/W4408613682,https://openalex.org/W4402983622
https://openalex.org/W4387616661,https://openalex.org/W3134195618
https://openalex.org/W4387616661,https://openalex.org/W3169520380
https://openalex.org/W4387616661,https://openalex.org/W4281767172
https://openalex.org/W4402934516,https://openalex.org/W3128672374
https://openalex.org/W4410776018,https://openalex.org/W3204692621
https://openalex.org/W4406586701,https://openalex.org/W4386019924
https://openalex.org/W4405626959,https://openalex.org/W4401211033
https://openalex.org/W4405626959,https://openalex.org/W4226033020
https://openalex.org/W4405626959,https://openalex.org/W3112618968
https://openalex.org/W4405626959,https://openalex.org/W3178960719
https://openalex.org/W4405626959,https://openalex.org/W3179854520
https://openalex.org/W4405626959,https://openalex.org/W4394905311
https://openalex.org/W4412951507,https://openalex.org/W4321097797
https://openalex.org/W4412951507,https://openalex.org/W4366685047
https://openalex.org/W4412951507,https://openalex.org/W4409766468
https://openalex.org/W4322617609,https://openalex.org/W4221127539
https://openalex.org/W4296194542,https://openalex.org/W3122795031
https://openalex.org/W4296194542,https://openalex.org/W4205691153
https://openalex.org/W3125583416,https://openalex.org/W3082120346
https://openalex.org/W3125583416,https://openalex.org/W3087430957
https://openalex.org/W3125583416,https://openalex.org/W3124630490
https://openalex.org/W7207599405,https://openalex.org/W7160595726
https://openalex.org/W4362552239,https://openalex.org/W3200054614
https://openalex.org/W4312181039,https://openalex.org/W4226087386
https://openalex.org/W4315619403,https://openalex.org/W4285048842
https://openalex.org/W4315619403,https://openalex.org/W4312198703
https://openalex.org/W4401889933,https://openalex.org/W4390807288
https://openalex.org/W7204072784,https://openalex.org/W4285388886
https://openalex.org/W7204072784,https://openalex.org/W4411715381
https://openalex.org/W7204072784,https://openalex.org/W4416416882
https://openalex.org/W4362671543,https://openalex.org/W3205277336
https://openalex.org/W4362671543,https://openalex.org/W4362728327
https://openalex.org/W4401448030,https://openalex.org/W4319663851
https://openalex.org/W4401448030,https://openalex.org/W4366493057
https://openalex.org/W3162857791,https://openalex.org/W3184526219
https://openalex.org/W4402962111,https://openalex.org/W4380870457
https://openalex.org/W4402962111,https://openalex.org/W4392658650
https://openalex.org/W4402962111,https://openalex.org/W4394012930
https://openalex.org/W7143996785,https://openalex.org/W4386204334
https://openalex.org/W7143996785,https://openalex.org/W4395447128
https://openalex.org/W7143996785,https://openalex.org/W4413069412
https://openalex.org/W7143996785,https://openalex.org/W4415762137
https://openalex.org/W4385259606,https://openalex.org/W3109675964
https://openalex.org/W4385259606,https://openalex.org/W3112618968
https://openalex.org/W4385259606,https://openalex.org/W3178960719
https://openalex.org/W4385259606,https://openalex.org/W4292249925
https://openalex.org/W7155726737,https://openalex.org/W3135747102
https://openalex.org/W7155726737,https://openalex.org/W3161325180
https://openalex.org/W7155726737,https://openalex.org/W4290844201
https://openalex.org/W7155726737,https://openalex.org/W4388448648
https://openalex.org/W7155726737,https://openalex.org/W4401262902
https://openalex.org/W7155726737,https://openalex.org/W4410176561
https://openalex.org/W7155726737,https://openalex.org/W4411163506
https://openalex.org/W4415975591,https://openalex.org/W4410828292
https://openalex.org/W7129392919,https://openalex.org/W4205904206
https://openalex.org/W4407414291,https://openalex.org/W4311981820
https://openalex.org/W4391344465,https://openalex.org/W2963002078
https://openalex.org/W4391344465,https://openalex.org/W4200033070
https://openalex.org/W4391344465,https://openalex.org/W4389546445
https://openalex.org/W4223422453,https://openalex.org/W3127063032
https://openalex.org/W4223422453,https://openalex.org/W3136788069
https://openalex.org/W4223422453,https://openalex.org/W4206963521
https://openalex.org/W4415495265,https://openalex.org/W4410912398
https://openalex.org/W4389246780,https://openalex.org/W4281897038
https://openalex.org/W3214006965,https://openalex.org/W4200099481
https://openalex.org/W4206457708,https://openalex.org/W3046506669
https://openalex.org/W7167695283,https://openalex.org/W4296041708
https://openalex.org/W7118025330,https://openalex.org/W4200483565
https://openalex.org/W7118025330,https://openalex.org/W4280535988
https://openalex.org/W7118025330,https://openalex.org/W4307571959
https://openalex.org/W7118025330,https://openalex.org/W4309832335
https://openalex.org/W7118025330,https://openalex.org/W4322739184
https://openalex.org/W7118025330,https://openalex.org/W4399783697
https://openalex.org/W7164484382,https://openalex.org/W4392506286
https://openalex.org/W7164484382,https://openalex.org/W4408559909
https://openalex.org/W4320727150,https://openalex.org/W3215226957
https://openalex.org/W4320727150,https://openalex.org/W4307458582
https://openalex.org/W3100833314,https://openalex.org/W3085837059
https://openalex.org/W3157532629,https://openalex.org/W3149785283
https://openalex.org/W3157532629,https://openalex.org/W3172436430
https://openalex.org/W7140310839,https://openalex.org/W4403607835
https://openalex.org/W7104601616,https://openalex.org/W4296967571
https://openalex.org/W4385275940,https://openalex.org/W3044436878
https://openalex.org/W4385275940,https://openalex.org/W3101000142
https://openalex.org/W4385275940,https://openalex.org/W3139319730
https://openalex.org/W4385275940,https://openalex.org/W3156673937
https://openalex.org/W4385275940,https://openalex.org/W3178960719
https://openalex.org/W4385275940,https://openalex.org/W4212866884
https://openalex.org/W4297830313,https://openalex.org/W4297830313
https://openalex.org/W4401241558,https://openalex.org/W4399042156
https://openalex.org/W4404482962,https://openalex.org/W3120991620
https://openalex.org/W4404482962,https://openalex.org/W4393549560
https://openalex.org/W4390872893,https://openalex.org/W3036104060
https://openalex.org/W4390872893,https://openalex.org/W4226017481
https://openalex.org/W4390872893,https://openalex.org/W4317606129
https://openalex.org/W7161234366,https://openalex.org/W4367046445
https://openalex.org/W7161234366,https://openalex.org/W4391155210
https://openalex.org/W7161234366,https://openalex.org/W4392088634
https://openalex.org/W4404322923,https://openalex.org/W4382024881
https://openalex.org/W4386159596,https://openalex.org/W3193414182
https://openalex.org/W4386159596,https://openalex.org/W3194755500
https://openalex.org/W4399359426,https://openalex.org/W4317932677
https://openalex.org/W4399359426,https://openalex.org/W4386346874
https://openalex.org/W4399359426,https://openalex.org/W4388718831
https://openalex.org/W4407719192,https://openalex.org/W4383822701
https://openalex.org/W4407719192,https://openalex.org/W4402740933
https://openalex.org/W4307136120,https://openalex.org/W3174375172
https://openalex.org/W4399985820,https://openalex.org/W3134424702
https://openalex.org/W4399985820,https://openalex.org/W4368356183
https://openalex.org/W4399985820,https://openalex.org/W4386691780
https://openalex.org/W4399985820,https://openalex.org/W4389040535
https://openalex.org/W7106098741,https://openalex.org/W3211570432
https://openalex.org/W7106098741,https://openalex.org/W4212947648
https://openalex.org/W7106098741,https://openalex.org/W4308498415
https://openalex.org/W7106098741,https://openalex.org/W4366605716
https://openalex.org/W7106098741,https://openalex.org/W4399970858
https://openalex.org/W7106098741,https://openalex.org/W4400884047
https://openalex.org/W7164844453,https://openalex.org/W4384820499
https://openalex.org/W4388086471,https://openalex.org/W4210612849
https://openalex.org/W4413786737,https://openalex.org/W3185032257
https://openalex.org/W4413786737,https://openalex.org/W4401179048
https://openalex.org/W4409477234,https://openalex.org/W3184542680
https://openalex.org/W4409477234,https://openalex.org/W4401770056
https://openalex.org/W4324149948,https://openalex.org/W4213428903
https://openalex.org/W4390189047,https://openalex.org/W4310446064
https://openalex.org/W4407697225,https://openalex.org/W4206416344
https://openalex.org/W4407697225,https://openalex.org/W4293574888
https://openalex.org/W4407697225,https://openalex.org/W4319592726
https://openalex.org/W4407697225,https://openalex.org/W4365509636
https://openalex.org/W4407697225,https://openalex.org/W4389434546
https://openalex.org/W4407697225,https://openalex.org/W4404465383
https://openalex.org/W4412961772,https://openalex.org/W4409389004
https://openalex.org/W4404794757,https://openalex.org/W4401724801
https://openalex.org/W4394674336,https://openalex.org/W4367627324
https://openalex.org/W4394674336,https://openalex.org/W4389505461
https://openalex.org/W7164228355,https://openalex.org/W4366977908
https://openalex.org/W7164228355,https://openalex.org/W4386070942
https://openalex.org/W7164228355,https://openalex.org/W4415353556
https://openalex.org/W7164228355,https://openalex.org/W7131865146
https://openalex.org/W7162327212,https://openalex.org/W3212727942
https://openalex.org/W7162327212,https://openalex.org/W4242451804
https://openalex.org/W7162327212,https://openalex.org/W4362636274
https://openalex.org/W7162327212,https://openalex.org/W4391654962
https://openalex.org/W4385423940,https://openalex.org/W4385462905
https://openalex.org/W7161896286,https://openalex.org/W3134915252
https://openalex.org/W7161896286,https://openalex.org/W4360993657
https://openalex.org/W7161896286,https://openalex.org/W4405449632
https://openalex.org/W4386571678,https://openalex.org/W3152675624
https://openalex.org/W4406210618,https://openalex.org/W3147196425
https://openalex.org/W3160020830,https://openalex.org/W3049455208
https://openalex.org/W7168170633,https://openalex.org/W4223541099
https://openalex.org/W7168170633,https://openalex.org/W4403837013
https://openalex.org/W7168170633,https://openalex.org/W4414143103
https://openalex.org/W7168170633,https://openalex.org/W4414583638
https://openalex.org/W4322490051,https://openalex.org/W4322490051
https://openalex.org/W4319730355,https://openalex.org/W3013345219
https://openalex.org/W4319730355,https://openalex.org/W4226343154
https://openalex.org/W4319730355,https://openalex.org/W4319729410
https://openalex.org/W7147333392,https://openalex.org/W4410451354
https://openalex.org/W7137955063,https://openalex.org/W4401992482
https://openalex.org/W4225747483,https://openalex.org/W4225747483
https://openalex.org/W7139909928,https://openalex.org/W4297423070
https://openalex.org/W7139909928,https://openalex.org/W4383702656
https://openalex.org/W4400433422,https://openalex.org/W3112618968
https://openalex.org/W4400433422,https://openalex.org/W3178960719
https://openalex.org/W4400433422,https://openalex.org/W4200571609
https://openalex.org/W4400433422,https://openalex.org/W4285735904
https://openalex.org/W4400433422,https://openalex.org/W4391673884
https://openalex.org/W7167842007,https://openalex.org/W4404522970
https://openalex.org/W7167842007,https://openalex.org/W4412617084
https://openalex.org/W7167842007,https://openalex.org/W7138975405
https://openalex.org/W4389305498,https://openalex.org/W4226343154
https://openalex.org/W7128438206,https://openalex.org/W4379209248
https://openalex.org/W7128438206,https://openalex.org/W4392158813
https://openalex.org/W7128438206,https://openalex.org/W4404361650
https://openalex.org/W7128438206,https://openalex.org/W4411290764
https://openalex.org/W4394913877,https://openalex.org/W4321791334
https://openalex.org/W4411682465,https://openalex.org/W4293282489
https://openalex.org/W4296783459,https://openalex.org/W3157698770
https://openalex.org/W4388280862,https://openalex.org/W3201799066
https://openalex.org/W4388280862,https://openalex.org/W3212927816
https://openalex.org/W4403665680,https://openalex.org/W3126369185
https://openalex.org/W4403665680,https://openalex.org/W3183110125
https://openalex.org/W4403665680,https://openalex.org/W4220812318
https://openalex.org/W4403665680,https://openalex.org/W4307985194
https://openalex.org/W4403665680,https://openalex.org/W4402988473
https://openalex.org/W7214901807,https://openalex.org/W4387353086
https://openalex.org/W7214901807,https://openalex.org/W4396586720
https://openalex.org/W7214901807,https://openalex.org/W4400002663
https://openalex.org/W7214901807,https://openalex.org/W4408612424
https://openalex.org/W7214901807,https://openalex.org/W4410776332
https://openalex.org/W4402591529,https://openalex.org/W4224292523
https://openalex.org/W4309775127,https://openalex.org/W3151151827
https://openalex.org/W4414387486,https://openalex.org/W4224292783
https://openalex.org/W4386037311,https://openalex.org/W3185232196
https://openalex.org/W4321376922,https://openalex.org/W3168354198
https://openalex.org/W4321376922,https://openalex.org/W3203064667
https://openalex.org/W4403745410,https://openalex.org/W3128110586
https://openalex.org/W4403745410,https://openalex.org/W4307199200
https://openalex.org/W4393188042,https://openalex.org/W3135003973
https://openalex.org/W7123845653,https://openalex.org/W4389668762
https://openalex.org/W4206495328,https://openalex.org/W3136783532
https://openalex.org/W4414028239,https://openalex.org/W4406288367
https://openalex.org/W4290706156,https://openalex.org/W3125018023
https://openalex.org/W4290706156,https://openalex.org/W3150860489
https://openalex.org/W4290706156,https://openalex.org/W3154775884
https://openalex.org/W4290706156,https://openalex.org/W3203793663
https://openalex.org/W4395072692,https://openalex.org/W4365459366
https://openalex.org/W7161598895,https://openalex.org/W3152707777
https://openalex.org/W7161598895,https://openalex.org/W3164475920
https://openalex.org/W4413452955,https://openalex.org/W3126627207
https://openalex.org/W4413452955,https://openalex.org/W3157698770
https://openalex.org/W4413452955,https://openalex.org/W4283793747
https://openalex.org/W4413452955,https://openalex.org/W4298126387
https://openalex.org/W4413452955,https://openalex.org/W4312094454
https://openalex.org/W4413452955,https://openalex.org/W4366134155
https://openalex.org/W4413452955,https://openalex.org/W4380870855
https://openalex.org/W4413452955,https://openalex.org/W4393356213
https://openalex.org/W4413452955,https://openalex.org/W4393385233
https://openalex.org/W7117164205,https://openalex.org/W3217058327
https://openalex.org/W7117164205,https://openalex.org/W4390659025
https://openalex.org/W7117164205,https://openalex.org/W4390974851
https://openalex.org/W4283025150,https://openalex.org/W3187173875
https://openalex.org/W3170614875,https://openalex.org/W3124585421
https://openalex.org/W3170614875,https://openalex.org/W3137133566
https://openalex.org/W4385794468,https://openalex.org/W3134195618
https://openalex.org/W4385794468,https://openalex.org/W4294225545
https://openalex.org/W4385794468,https://openalex.org/W4311419502
https://openalex.org/W4402965194,https://openalex.org/W4285013016
https://openalex.org/W4309934792,https://openalex.org/W3193501617
https://openalex.org/W4309934792,https://openalex.org/W4224290633
https://openalex.org/W4298109589,https://openalex.org/W3122990902
https://openalex.org/W4298109589,https://openalex.org/W3136457016
https://openalex.org/W4298109589,https://openalex.org/W3212118275
https://openalex.org/W4399533501,https://openalex.org/W4296330896
https://openalex.org/W4402353414,https://openalex.org/W4285047193
https://openalex.org/W4402353414,https://openalex.org/W4390017973
https://openalex.org/W7171642003,https://openalex.org/W4289755677
https://openalex.org/W7171642003,https://openalex.org/W4400005926
https://openalex.org/W7171642003,https://openalex.org/W4400883069
https://openalex.org/W7171642003,https://openalex.org/W4408885078
https://openalex.org/W7171642003,https://openalex.org/W4415976382
https://openalex.org/W4206819973,https://openalex.org/W3174375172
https://openalex.org/W4392123423,https://openalex.org/W3209814434
https://openalex.org/W4392123423,https://openalex.org/W4223541099
https://openalex.org/W4392123423,https://openalex.org/W4377041638
https://openalex.org/W4323664267,https://openalex.org/W4319788620
https://openalex.org/W4410572338,https://openalex.org/W4406311112
https://openalex.org/W7170093222,https://openalex.org/W4396868358
https://openalex.org/W7170093222,https://openalex.org/W4403597013
https://openalex.org/W7170093222,https://openalex.org/W4406288367
https://openalex.org/W7170093222,https://openalex.org/W4410038996
https://openalex.org/W7170093222,https://openalex.org/W4415991820
https://openalex.org/W7170093222,https://openalex.org/W7117299631
https://openalex.org/W7170093222,https://openalex.org/W7143912401
https://openalex.org/W7170093222,https://openalex.org/W7163326300
https://openalex.org/W7170093222,https://openalex.org/W7164550604
https://openalex.org/W4407254527,https://openalex.org/W3127920890
https://openalex.org/W4407254527,https://openalex.org/W3141445395
https://openalex.org/W7140276187,https://openalex.org/W4408223592
https://openalex.org/W4391927623,https://openalex.org/W4293032727
https://openalex.org/W7135183103,https://openalex.org/W4394953847
https://openalex.org/W4280653647,https://openalex.org/W3189763979
https://openalex.org/W4280653647,https://openalex.org/W4210588971
https://openalex.org/W7154696150,https://openalex.org/W4408688278
https://openalex.org/W4306809803,https://openalex.org/W3166981941
https://openalex.org/W4385898862,https://openalex.org/W4283805327
https://openalex.org/W7131353366,https://openalex.org/W3135523531
https://openalex.org/W7131353366,https://openalex.org/W4409183638
https://openalex.org/W4320710304,https://openalex.org/W4280577216
https://openalex.org/W4385071479,https://openalex.org/W4224327049
https://openalex.org/W7166539814,https://openalex.org/W2990187828
https://openalex.org/W7166539814,https://openalex.org/W3191420927
https://openalex.org/W7166539814,https://openalex.org/W4300961415
https://openalex.org/W7166539814,https://openalex.org/W4376637223
https://openalex.org/W7166539814,https://openalex.org/W4386189465
https://openalex.org/W7166539814,https://openalex.org/W4406518955
https://openalex.org/W7166539814,https://openalex.org/W4411519838
https://openalex.org/W7166539814,https://openalex.org/W7123336330
https://openalex.org/W7154493369,https://openalex.org/W7140302163
https://openalex.org/W7123348014,https://openalex.org/W4413392795
https://openalex.org/W4400146155,https://openalex.org/W3214627820
https://openalex.org/W4410735950,https://openalex.org/W4323981181
https://openalex.org/W4411343511,https://openalex.org/W4384524737
https://openalex.org/W4411343511,https://openalex.org/W4405177541
https://openalex.org/W4319595304,https://openalex.org/W4312790323
https://openalex.org/W4400299600,https://openalex.org/W3180109764
https://openalex.org/W7155512569,https://openalex.org/W4409657408
https://openalex.org/W7155512569,https://openalex.org/W4414986547
https://openalex.org/W4415218447,https://openalex.org/W4205511979
https://openalex.org/W4415218447,https://openalex.org/W4391849423
https://openalex.org/W4412373884,https://openalex.org/W4380992730
https://openalex.org/W4321603867,https://openalex.org/W4386935154
https://openalex.org/W4307771787,https://openalex.org/W3139442454
https://openalex.org/W4307771787,https://openalex.org/W4200124029
https://openalex.org/W4307771787,https://openalex.org/W4282920390
https://openalex.org/W4411505833,https://openalex.org/W4284885467
https://openalex.org/W4411505833,https://openalex.org/W4391922549
https://openalex.org/W4221161559,https://openalex.org/W3178960719
https://openalex.org/W4221161559,https://openalex.org/W4214579071
https://openalex.org/W4221161559,https://openalex.org/W4285805793
https://openalex.org/W4280637443,https://openalex.org/W3216548928
https://openalex.org/W4408281678,https://openalex.org/W4280516769
https://openalex.org/W4408281678,https://openalex.org/W4361853982
https://openalex.org/W4408281678,https://openalex.org/W4386159145
https://openalex.org/W4408281678,https://openalex.org/W4407304452
https://openalex.org/W4408281678,https://openalex.org/W4408281904
https://openalex.org/W4392980176,https://openalex.org/W3188536161
https://openalex.org/W4392980176,https://openalex.org/W4365148286
https://openalex.org/W4226035938,https://openalex.org/W4220719541
https://openalex.org/W7171741429,https://openalex.org/W4413436310
https://openalex.org/W4413068102,https://openalex.org/W3120057640
https://openalex.org/W4413068102,https://openalex.org/W3129558378
https://openalex.org/W4413068102,https://openalex.org/W4281625541
https://openalex.org/W3122744069,https://openalex.org/W3134148631
https://openalex.org/W3212216767,https://openalex.org/W3131995241
https://openalex.org/W3212216767,https://openalex.org/W3154329225
https://openalex.org/W3212216767,https://openalex.org/W3172552102
https://openalex.org/W3212216767,https://openalex.org/W3188698023
https://openalex.org/W4401419829,https://openalex.org/W4286278604
https://openalex.org/W4400496439,https://openalex.org/W4285388886
https://openalex.org/W4400496439,https://openalex.org/W4309187314
https://openalex.org/W4400496439,https://openalex.org/W4378651062
https://openalex.org/W4400496439,https://openalex.org/W4385264107
https://openalex.org/W4385069911,https://openalex.org/W4223451023
https://openalex.org/W4405110888,https://openalex.org/W4388574208
https://openalex.org/W4414222377,https://openalex.org/W4319730355
https://openalex.org/W4414222377,https://openalex.org/W4385802926
https://openalex.org/W4312186279,https://openalex.org/W4312100976
https://openalex.org/W4406561778,https://openalex.org/W3134669466
https://openalex.org/W4406561778,https://openalex.org/W3160348949
https://openalex.org/W4406561778,https://openalex.org/W4295308826
https://openalex.org/W7117312182,https://openalex.org/W4205407333
https://openalex.org/W7117312182,https://openalex.org/W4220702467
https://openalex.org/W7117312182,https://openalex.org/W4319293662
https://openalex.org/W7117312182,https://openalex.org/W4403040850
https://openalex.org/W7168300670,https://openalex.org/W4378194764
https://openalex.org/W4399009546,https://openalex.org/W4285794562
https://openalex.org/W4387421964,https://openalex.org/W4288455157
https://openalex.org/W4387421964,https://openalex.org/W4313824040
https://openalex.org/W4205631888,https://openalex.org/W4226058896
https://openalex.org/W7165915458,https://openalex.org/W3128520512
https://openalex.org/W7165915458,https://openalex.org/W3217405928
https://openalex.org/W7128675092,https://openalex.org/W4288036471
https://openalex.org/W7128675092,https://openalex.org/W4296885751
https://openalex.org/W7128675092,https://openalex.org/W4386155027
https://openalex.org/W7128675092,https://openalex.org/W4402792620
https://openalex.org/W7128675092,https://openalex.org/W4416395547
https://openalex.org/W7167031966,https://openalex.org/W7157935003
https://openalex.org/W4414269723,https://openalex.org/W3194252003
https://openalex.org/W7125696170,https://openalex.org/W3200836850
https://openalex.org/W7125696170,https://openalex.org/W4311065050
https://openalex.org/W4298008516,https://openalex.org/W3146630895
https://openalex.org/W4298008516,https://openalex.org/W3197994619
https://openalex.org/W4414524679,https://openalex.org/W4404136128
https://openalex.org/W4205114097,https://openalex.org/W3122929861
https://openalex.org/W4205114097,https://openalex.org/W3191420927
https://openalex.org/W4205114097,https://openalex.org/W4200450154
https://openalex.org/W4205114097,https://openalex.org/W4394974518
https://openalex.org/W7170684487,https://openalex.org/W4283797869
https://openalex.org/W4379209248,https://openalex.org/W4362554019
https://openalex.org/W7125602696,https://openalex.org/W3126770590
https://openalex.org/W7125602696,https://openalex.org/W4224871336
https://openalex.org/W7125602696,https://openalex.org/W4310163492
https://openalex.org/W7125602696,https://openalex.org/W4310949003
https://openalex.org/W7125602696,https://openalex.org/W4387241604
https://openalex.org/W7125602696,https://openalex.org/W4388018939
https://openalex.org/W7125602696,https://openalex.org/W4388826009
https://openalex.org/W7125602696,https://openalex.org/W4402552335
https://openalex.org/W7125602696,https://openalex.org/W4403253117
https://openalex.org/W7125602696,https://openalex.org/W4407712807
https://openalex.org/W7125602696,https://openalex.org/W4407797891
https://openalex.org/W7125602696,https://openalex.org/W4417126070
https://openalex.org/W3168316121,https://openalex.org/W3120569425
https://openalex.org/W4283577304,https://openalex.org/W4283588834
https://openalex.org/W7166828436,https://openalex.org/W4388900964
https://openalex.org/W4416016756,https://openalex.org/W4385270506
https://openalex.org/W4416016756,https://openalex.org/W4401863389
https://openalex.org/W4416016756,https://openalex.org/W4404181019
https://openalex.org/W4416016756,https://openalex.org/W4409158403
https://openalex.org/W4416016756,https://openalex.org/W4412876917
https://openalex.org/W4416016756,https://openalex.org/W4412886869
https://openalex.org/W7154501936,https://openalex.org/W3153102876
https://openalex.org/W7154501936,https://openalex.org/W4387267294
https://openalex.org/W4392681646,https://openalex.org/W3174443133
https://openalex.org/W4392681646,https://openalex.org/W3194288529
https://openalex.org/W4415424293,https://openalex.org/W3182279934
https://openalex.org/W4415424293,https://openalex.org/W3206812573
https://openalex.org/W4415424293,https://openalex.org/W3214399682
https://openalex.org/W4415424293,https://openalex.org/W4210437840
https://openalex.org/W4415424293,https://openalex.org/W4285093237
https://openalex.org/W4415424293,https://openalex.org/W4289518974
https://openalex.org/W4415424293,https://openalex.org/W4291130595
https://openalex.org/W4415424293,https://openalex.org/W4392044181
https://openalex.org/W4292838867,https://openalex.org/W3188446399
https://openalex.org/W4292838867,https://openalex.org/W4223992310
https://openalex.org/W4327862829,https://openalex.org/W3211383864
https://openalex.org/W4327862829,https://openalex.org/W4281768415
https://openalex.org/W4280489164,https://openalex.org/W3112618968
https://openalex.org/W4280489164,https://openalex.org/W3119608513
https://openalex.org/W4280489164,https://openalex.org/W3178960719
https://openalex.org/W4280489164,https://openalex.org/W3193313358
https://openalex.org/W4280489164,https://openalex.org/W3211871934
https://openalex.org/W4401149193,https://openalex.org/W4200425809
https://openalex.org/W4388554773,https://openalex.org/W4376127570
https://openalex.org/W4403625157,https://openalex.org/W4312160059
https://openalex.org/W4388495106,https://openalex.org/W4280527003
https://openalex.org/W4394787370,https://openalex.org/W3125193838
https://openalex.org/W4394787370,https://openalex.org/W4289518974
https://openalex.org/W3157770066,https://openalex.org/W3135640544
https://openalex.org/W3157770066,https://openalex.org/W3176323679
https://openalex.org/W4400112974,https://openalex.org/W4392625154
https://openalex.org/W7168256164,https://openalex.org/W3133844370
https://openalex.org/W7168256164,https://openalex.org/W4380201731
https://openalex.org/W3183924771,https://openalex.org/W3157726030
https://openalex.org/W3183924771,https://openalex.org/W3183924771
https://openalex.org/W4392353857,https://openalex.org/W3198783871
https://openalex.org/W4414561456,https://openalex.org/W4400895496
https://openalex.org/W7157976239,https://openalex.org/W3118432150
https://openalex.org/W7157976239,https://openalex.org/W4214898670
https://openalex.org/W7157976239,https://openalex.org/W4403154402
https://openalex.org/W7157976239,https://openalex.org/W4407376848
https://openalex.org/W7157976239,https://openalex.org/W4413889407
https://openalex.org/W4400210913,https://openalex.org/W3129563346
https://openalex.org/W4400210913,https://openalex.org/W3179791530
https://openalex.org/W4400210913,https://openalex.org/W4308973895
https://openalex.org/W4400210913,https://openalex.org/W4378227893
https://openalex.org/W4400210913,https://openalex.org/W4387812519
https://openalex.org/W4400210913,https://openalex.org/W4390025301
https://openalex.org/W4400210913,https://openalex.org/W4393549560
https://openalex.org/W4402330653,https://openalex.org/W4207077072
https://openalex.org/W4402330653,https://openalex.org/W4281951565
https://openalex.org/W4402330653,https://openalex.org/W4386725785
https://openalex.org/W4226177371,https://openalex.org/W3158177270
https://openalex.org/W4226177371,https://openalex.org/W3198697586
https://openalex.org/W4226177371,https://openalex.org/W4226177371
https://openalex.org/W3199315556,https://openalex.org/W3155663320
https://openalex.org/W4401504382,https://openalex.org/W4366496170
https://openalex.org/W4410890100,https://openalex.org/W4368356183
https://openalex.org/W4410890100,https://openalex.org/W4399985820
https://openalex.org/W4386209286,https://openalex.org/W3198535020
https://openalex.org/W4386209286,https://openalex.org/W4229002009
https://openalex.org/W4386209286,https://openalex.org/W4281740949
https://openalex.org/W4386209286,https://openalex.org/W4312093661
https://openalex.org/W4402691113,https://openalex.org/W3212545631
https://openalex.org/W4402691113,https://openalex.org/W4283071033
https://openalex.org/W4402691113,https://openalex.org/W4289868138
https://openalex.org/W4402691113,https://openalex.org/W4309440978
https://openalex.org/W4402691113,https://openalex.org/W4311391466
https://openalex.org/W4402691113,https://openalex.org/W4319825929
https://openalex.org/W4402691113,https://openalex.org/W4390725253
https://openalex.org/W4391576012,https://openalex.org/W4375947464
https://openalex.org/W3198918437,https://openalex.org/W3121026993
https://openalex.org/W4390832239,https://openalex.org/W4210434040
https://openalex.org/W4390832239,https://openalex.org/W4401211033
https://openalex.org/W4391514796,https://openalex.org/W4281760107
https://openalex.org/W4391514796,https://openalex.org/W4367598665
https://openalex.org/W4394877531,https://openalex.org/W4388421252
https://openalex.org/W4417065374,https://openalex.org/W3112618968
https://openalex.org/W4417065374,https://openalex.org/W3168408968
https://openalex.org/W4417065374,https://openalex.org/W3178960719
https://openalex.org/W4417065374,https://openalex.org/W3217020768
https://openalex.org/W4417065374,https://openalex.org/W3217268717
https://openalex.org/W4417065374,https://openalex.org/W4225003256
https://openalex.org/W4417065374,https://openalex.org/W4282932639
https://openalex.org/W4417065374,https://openalex.org/W4285371578
https://openalex.org/W4417065374,https://openalex.org/W4386475257
https://openalex.org/W4417065374,https://openalex.org/W4391591351
https://openalex.org/W4417065374,https://openalex.org/W4391871276
https://openalex.org/W4417065374,https://openalex.org/W4392183581
https://openalex.org/W4417065374,https://openalex.org/W4394905311
https://openalex.org/W4417065374,https://openalex.org/W4394905319
https://openalex.org/W4417065374,https://openalex.org/W4399933329
https://openalex.org/W4416815201,https://openalex.org/W4389702619
https://openalex.org/W4416815201,https://openalex.org/W4399699140
https://openalex.org/W4416815201,https://openalex.org/W4413428856
https://openalex.org/W4416815201,https://openalex.org/W4414499342
https://openalex.org/W7196943100,https://openalex.org/W3193223779
https://openalex.org/W4408845890,https://openalex.org/W3201244245
https://openalex.org/W4408845890,https://openalex.org/W4392506286
https://openalex.org/W4321369112,https://openalex.org/W4318240969
https://openalex.org/W4392807078,https://openalex.org/W3107835566
https://openalex.org/W4307676185,https://openalex.org/W3163441530
https://openalex.org/W4307676185,https://openalex.org/W3204462302
https://openalex.org/W4307676185,https://openalex.org/W4226083552
https://openalex.org/W4307676185,https://openalex.org/W4285223321
https://openalex.org/W4380370811,https://openalex.org/W4221154998
https://openalex.org/W4366967182,https://openalex.org/W3151244818
https://openalex.org/W4293082049,https://openalex.org/W3138990775
https://openalex.org/W4293082049,https://openalex.org/W3198335193
https://openalex.org/W4293082049,https://openalex.org/W3215226957
https://openalex.org/W7162490158,https://openalex.org/W4416399226
https://openalex.org/W4413716367,https://openalex.org/W4408903481
https://openalex.org/W4413716367,https://openalex.org/W4411491659
https://openalex.org/W4388749917,https://openalex.org/W3201866429
https://openalex.org/W4388749917,https://openalex.org/W4229372033
https://openalex.org/W7128923884,https://openalex.org/W4398251557
https://openalex.org/W4391541699,https://openalex.org/W4280626376
https://openalex.org/W4387780153,https://openalex.org/W3209730426
https://openalex.org/W4387780153,https://openalex.org/W4229005086
https://openalex.org/W4387780153,https://openalex.org/W4362543368
https://openalex.org/W4395669741,https://openalex.org/W3189026951
https://openalex.org/W4400355038,https://openalex.org/W3190035315
https://openalex.org/W4417152086,https://openalex.org/W4386495722
https://openalex.org/W7125999294,https://openalex.org/W3193449909
https://openalex.org/W4365517169,https://openalex.org/W4220775356
https://openalex.org/W4408804059,https://openalex.org/W4394821792
https://openalex.org/W4323066868,https://openalex.org/W3204641766
https://openalex.org/W4392201419,https://openalex.org/W4220922493
https://openalex.org/W4409745026,https://openalex.org/W4212808877
https://openalex.org/W7123346823,https://openalex.org/W3111211383
https://openalex.org/W7123346823,https://openalex.org/W3126665462
https://openalex.org/W7123346823,https://openalex.org/W3159111439
https://openalex.org/W7123346823,https://openalex.org/W4243447653
https://openalex.org/W7123346823,https://openalex.org/W4285732530
https://openalex.org/W7123346823,https://openalex.org/W4289866219
https://openalex.org/W7123346823,https://openalex.org/W4364366670
https://openalex.org/W7123346823,https://openalex.org/W4372298597
https://openalex.org/W7123346823,https://openalex.org/W4393383512
https://openalex.org/W7120122620,https://openalex.org/W4313312498
https://openalex.org/W7214375660,https://openalex.org/W3090767258
https://openalex.org/W7214375660,https://openalex.org/W3132432384
https://openalex.org/W7214375660,https://openalex.org/W4285140933
https://openalex.org/W7213360818,https://openalex.org/W3120569425
https://openalex.org/W7213360818,https://openalex.org/W4394567481
https://openalex.org/W3215754791,https://openalex.org/W4237674139
https://openalex.org/W4220980162,https://openalex.org/W4200468535
https://openalex.org/W4220980162,https://openalex.org/W4213069139
https://openalex.org/W7127629533,https://openalex.org/W4220790564
https://openalex.org/W7127629533,https://openalex.org/W4367844043
https://openalex.org/W7127629533,https://openalex.org/W4396820246
https://openalex.org/W7127629533,https://openalex.org/W4400733355
https://openalex.org/W4404366218,https://openalex.org/W4403701322
https://openalex.org/W4406629069,https://openalex.org/W4318715616
https://openalex.org/W4406629069,https://openalex.org/W4390588183
https://openalex.org/W4406629069,https://openalex.org/W4395447128
https://openalex.org/W4391591629,https://openalex.org/W4390889423
https://openalex.org/W7162957182,https://openalex.org/W4367044411
https://openalex.org/W7162957182,https://openalex.org/W7131286638
https://openalex.org/W4384155194,https://openalex.org/W3120991620
https://openalex.org/W4384155194,https://openalex.org/W3129563346
https://openalex.org/W4384155194,https://openalex.org/W3179791530
https://openalex.org/W7162079319,https://openalex.org/W3181735153
https://openalex.org/W7162079319,https://openalex.org/W4205737363
https://openalex.org/W7162079319,https://openalex.org/W4286491651
https://openalex.org/W7162079319,https://openalex.org/W7115016907
https://openalex.org/W4399755959,https://openalex.org/W4291209259
https://openalex.org/W4406151564,https://openalex.org/W3132201502
https://openalex.org/W4405429440,https://openalex.org/W3128993250
https://openalex.org/W4405429440,https://openalex.org/W4390187079
https://openalex.org/W7206167308,https://openalex.org/W4410942210
https://openalex.org/W4412488678,https://openalex.org/W3137144429
https://openalex.org/W4412488678,https://openalex.org/W3159965249
https://openalex.org/W4412488678,https://openalex.org/W4313909594
https://openalex.org/W4412488678,https://openalex.org/W4378783628
https://openalex.org/W4412488678,https://openalex.org/W4387059948
https://openalex.org/W4412488678,https://openalex.org/W4391953090
https://openalex.org/W4387343640,https://openalex.org/W3127930017
https://openalex.org/W4387343640,https://openalex.org/W4281787913
https://openalex.org/W4387343640,https://openalex.org/W4312192568
https://openalex.org/W4319440411,https://openalex.org/W3135192710
https://openalex.org/W4319440411,https://openalex.org/W3183329356
https://openalex.org/W4283379009,https://openalex.org/W4200089368
https://openalex.org/W4283379009,https://openalex.org/W4226317960
https://openalex.org/W4390663292,https://openalex.org/W3197028540
https://openalex.org/W4390663292,https://openalex.org/W4220958411
https://openalex.org/W4390663292,https://openalex.org/W4387569857
https://openalex.org/W4362661515,https://openalex.org/W3204063372
https://openalex.org/W7161897991,https://openalex.org/W4401109544
https://openalex.org/W7161897991,https://openalex.org/W4416963264
https://openalex.org/W7135012790,https://openalex.org/W3118875409
https://openalex.org/W7135012790,https://openalex.org/W3157065452
https://openalex.org/W7135012790,https://openalex.org/W3157468053
https://openalex.org/W7135012790,https://openalex.org/W3193223779
https://openalex.org/W7135012790,https://openalex.org/W3201203265
https://openalex.org/W7135012790,https://openalex.org/W4214905249
https://openalex.org/W7135012790,https://openalex.org/W4292984582
https://openalex.org/W7135012790,https://openalex.org/W4405808119
https://openalex.org/W4384521413,https://openalex.org/W3181446553
https://openalex.org/W4384521413,https://openalex.org/W4282965545
https://openalex.org/W4390740651,https://openalex.org/W3157375112
https://openalex.org/W4390740651,https://openalex.org/W4319000720
https://openalex.org/W7140085545,https://openalex.org/W4372214840
https://openalex.org/W7140085545,https://openalex.org/W4382680263
https://openalex.org/W7140085545,https://openalex.org/W4387671652
https://openalex.org/W4400189994,https://openalex.org/W4387199899
https://openalex.org/W4400189994,https://openalex.org/W4391431615
https://openalex.org/W4400189994,https://openalex.org/W4391474836
https://openalex.org/W4362520103,https://openalex.org/W4362520103
https://openalex.org/W4388797789,https://openalex.org/W2890604215
https://openalex.org/W4386786276,https://openalex.org/W3157770066
https://openalex.org/W4386786276,https://openalex.org/W4280603289
https://openalex.org/W4386786276,https://openalex.org/W4283752180
https://openalex.org/W7163022477,https://openalex.org/W3126627207
https://openalex.org/W7163022477,https://openalex.org/W3126770590
https://openalex.org/W7163022477,https://openalex.org/W4366134155
https://openalex.org/W7163022477,https://openalex.org/W4387443097
https://openalex.org/W7163022477,https://openalex.org/W4395052434
https://openalex.org/W7163022477,https://openalex.org/W4402552335
https://openalex.org/W7163022477,https://openalex.org/W4407052028
https://openalex.org/W7163022477,https://openalex.org/W4412786454
https://openalex.org/W7163022477,https://openalex.org/W4413197871
https://openalex.org/W4399415354,https://openalex.org/W4296564669
https://openalex.org/W4399415354,https://openalex.org/W4308139147
https://openalex.org/W4399415354,https://openalex.org/W4379284117
https://openalex.org/W4384563838,https://openalex.org/W4200109941
https://openalex.org/W4401718945,https://openalex.org/W4206416344
https://openalex.org/W7204996701,https://openalex.org/W4283071033
https://openalex.org/W7204996701,https://openalex.org/W4390725253
https://openalex.org/W7204996701,https://openalex.org/W4392037887
https://openalex.org/W7204996701,https://openalex.org/W4409766468
https://openalex.org/W7204996701,https://openalex.org/W7124425620
https://openalex.org/W4225818051,https://openalex.org/W3125602806
https://openalex.org/W4225818051,https://openalex.org/W3201656105
https://openalex.org/W4377087084,https://openalex.org/W3161133637
https://openalex.org/W4366087979,https://openalex.org/W4224243249
https://openalex.org/W4366087979,https://openalex.org/W4322632311
https://openalex.org/W4383558114,https://openalex.org/W4283797869
https://openalex.org/W7160205531,https://openalex.org/W4281667095
https://openalex.org/W7162412043,https://openalex.org/W4367282060
https://openalex.org/W7162412043,https://openalex.org/W4406736106
https://openalex.org/W7162412043,https://openalex.org/W4410027450
https://openalex.org/W7162412043,https://openalex.org/W4416961529
https://openalex.org/W7161779320,https://openalex.org/W4224871336
https://openalex.org/W7161779320,https://openalex.org/W4406083447
https://openalex.org/W7138023345,https://openalex.org/W4386967844
https://openalex.org/W4388461388,https://openalex.org/W4388461388
https://openalex.org/W4413780535,https://openalex.org/W4408007384
https://openalex.org/W4385072008,https://openalex.org/W4286470629
https://openalex.org/W4306897083,https://openalex.org/W4200090081
https://openalex.org/W4306897083,https://openalex.org/W4206994847
https://openalex.org/W4306897083,https://openalex.org/W4306897083
https://openalex.org/W4391922549,https://openalex.org/W3200302861
https://openalex.org/W4391922549,https://openalex.org/W4214545707
https://openalex.org/W4391922549,https://openalex.org/W4284885467
https://openalex.org/W4391922549,https://openalex.org/W4313255320
https://openalex.org/W4391922549,https://openalex.org/W4353094149
https://openalex.org/W7135091106,https://openalex.org/W4399226339
https://openalex.org/W7128089431,https://openalex.org/W3162669665
https://openalex.org/W7128089431,https://openalex.org/W3207328932
https://openalex.org/W7128089431,https://openalex.org/W4293581991
https://openalex.org/W7128089431,https://openalex.org/W4387506651
https://openalex.org/W4417211736,https://openalex.org/W4401211033
https://openalex.org/W4411184304,https://openalex.org/W3121407110
https://openalex.org/W4411184304,https://openalex.org/W4378233842
https://openalex.org/W4392619673,https://openalex.org/W3138005350
https://openalex.org/W4392619673,https://openalex.org/W4308565209
https://openalex.org/W4285047193,https://openalex.org/W3174294815
https://openalex.org/W4285047193,https://openalex.org/W3199247289
https://openalex.org/W4285047193,https://openalex.org/W4281552736
https://openalex.org/W4200078330,https://openalex.org/W3101000142
https://openalex.org/W4200078330,https://openalex.org/W3112618968
https://openalex.org/W4200078330,https://openalex.org/W3135045610
https://openalex.org/W4283068749,https://openalex.org/W3167912762
https://openalex.org/W4283068749,https://openalex.org/W3210379110
https://openalex.org/W4283068749,https://openalex.org/W4225312686
https://openalex.org/W7196926461,https://openalex.org/W4281803236
https://openalex.org/W7196926461,https://openalex.org/W4307260701
https://openalex.org/W7196926461,https://openalex.org/W4321235700
https://openalex.org/W7196926461,https://openalex.org/W4409533307
https://openalex.org/W4417268096,https://openalex.org/W3112618968
https://openalex.org/W4417268096,https://openalex.org/W3178960719
https://openalex.org/W4417268096,https://openalex.org/W4385269804
https://openalex.org/W4417268096,https://openalex.org/W4385618144
https://openalex.org/W4417268096,https://openalex.org/W4394905311
https://openalex.org/W4417268096,https://openalex.org/W4397018998
https://openalex.org/W4417268096,https://openalex.org/W4405250163
https://openalex.org/W4417268096,https://openalex.org/W4407899023
https://openalex.org/W4417268096,https://openalex.org/W4408003660
https://openalex.org/W4405801979,https://openalex.org/W4211178196
https://openalex.org/W4405801979,https://openalex.org/W4292212658
https://openalex.org/W4405801979,https://openalex.org/W4378977225
https://openalex.org/W4405801979,https://openalex.org/W4405245040
https://openalex.org/W4221015379,https://openalex.org/W4377943295
https://openalex.org/W4388414460,https://openalex.org/W3119738836
https://openalex.org/W4388414460,https://openalex.org/W3138990775
https://openalex.org/W4388414460,https://openalex.org/W4283015625
https://openalex.org/W4409040558,https://openalex.org/W3182279934
https://openalex.org/W4409040558,https://openalex.org/W4200031282
https://openalex.org/W4409040558,https://openalex.org/W4205407333
https://openalex.org/W4409040558,https://openalex.org/W4220679612
https://openalex.org/W4409040558,https://openalex.org/W4220702467
https://openalex.org/W4409040558,https://openalex.org/W4226241023
https://openalex.org/W4409040558,https://openalex.org/W4289518974
https://openalex.org/W4409040558,https://openalex.org/W4389356826
https://openalex.org/W4409040558,https://openalex.org/W4389488673
https://openalex.org/W7157893686,https://openalex.org/W4387009878
https://openalex.org/W7157893686,https://openalex.org/W7125517785
https://openalex.org/W4289278128,https://openalex.org/W3203793663
https://openalex.org/W4407190005,https://openalex.org/W4310500731
https://openalex.org/W4407190005,https://openalex.org/W4402099446
https://openalex.org/W4319293662,https://openalex.org/W3126150405
https://openalex.org/W4319293662,https://openalex.org/W3167088720
https://openalex.org/W4319293662,https://openalex.org/W4214879128
https://openalex.org/W4319293662,https://openalex.org/W4220702467
https://openalex.org/W7160526133,https://openalex.org/W4399485326
https://openalex.org/W7160526133,https://openalex.org/W4414117855
https://openalex.org/W4280502509,https://openalex.org/W3214198043
https://openalex.org/W4280502509,https://openalex.org/W4200547680
https://openalex.org/W4404219542,https://openalex.org/W4366545375
https://openalex.org/W4389566330,https://openalex.org/W3193829699
https://openalex.org/W4389566330,https://openalex.org/W4224243249
https://openalex.org/W4389566330,https://openalex.org/W4283376225
https://openalex.org/W4389566330,https://openalex.org/W4386241643
https://openalex.org/W4292489368,https://openalex.org/W3138730729
https://openalex.org/W4295444213,https://openalex.org/W4283526014
https://openalex.org/W4413038060,https://openalex.org/W4206371996
https://openalex.org/W4413038060,https://openalex.org/W4306317693
https://openalex.org/W4413038060,https://openalex.org/W4388922185
https://openalex.org/W4413038060,https://openalex.org/W4413038060
https://openalex.org/W4214831001,https://openalex.org/W3135433568
https://openalex.org/W4386210331,https://openalex.org/W3146398046
https://openalex.org/W4415616023,https://openalex.org/W4221072732
https://openalex.org/W4408823698,https://openalex.org/W4322632311
https://openalex.org/W7127642584,https://openalex.org/W4403123413
https://openalex.org/W3205306976,https://openalex.org/W2989993629
https://openalex.org/W4312219349,https://openalex.org/W4225713766
https://openalex.org/W4312219349,https://openalex.org/W4226033020
https://openalex.org/W4377823567,https://openalex.org/W3119738836
https://openalex.org/W4377823567,https://openalex.org/W3177246877
https://openalex.org/W4377823567,https://openalex.org/W3194373380
https://openalex.org/W4377823567,https://openalex.org/W3197033820
https://openalex.org/W4377823567,https://openalex.org/W3208303193
https://openalex.org/W7161989877,https://openalex.org/W7138893651
https://openalex.org/W7170137390,https://openalex.org/W4394905311
https://openalex.org/W3213939792,https://openalex.org/W3213939792
https://openalex.org/W7204090890,https://openalex.org/W4415430707
https://openalex.org/W4410596019,https://openalex.org/W3180696199
https://openalex.org/W4410596019,https://openalex.org/W4309754339
https://openalex.org/W4391479301,https://openalex.org/W3119584409
https://openalex.org/W4391479301,https://openalex.org/W4213126820
https://openalex.org/W4391479301,https://openalex.org/W4214887011
https://openalex.org/W4391479301,https://openalex.org/W4306174501
https://openalex.org/W4380885712,https://openalex.org/W3209463098
https://openalex.org/W3156823378,https://openalex.org/W3181777454
https://openalex.org/W3188880120,https://openalex.org/W3169889545
https://openalex.org/W4402701054,https://openalex.org/W3188504913
https://openalex.org/W4392107077,https://openalex.org/W4388336330
https://openalex.org/W7212281436,https://openalex.org/W4410138760
https://openalex.org/W4404006907,https://openalex.org/W4200150967
https://openalex.org/W4400405673,https://openalex.org/W4232237566
https://openalex.org/W4400405673,https://openalex.org/W4281263642
https://openalex.org/W4400405673,https://openalex.org/W4292092839
https://openalex.org/W4400405673,https://openalex.org/W4384298148
https://openalex.org/W4400405673,https://openalex.org/W4385857903
https://openalex.org/W4385349323,https://openalex.org/W2797547379
https://openalex.org/W4385349323,https://openalex.org/W3189426211
https://openalex.org/W4385349323,https://openalex.org/W3207372427
https://openalex.org/W4414530283,https://openalex.org/W4389150919
https://openalex.org/W4414530283,https://openalex.org/W4396868358
https://openalex.org/W4414530283,https://openalex.org/W4404335910
https://openalex.org/W4414530283,https://openalex.org/W4414164230
https://openalex.org/W4406797084,https://openalex.org/W3101000142
https://openalex.org/W4406797084,https://openalex.org/W3112618968
https://openalex.org/W4406797084,https://openalex.org/W3178960719
https://openalex.org/W4406797084,https://openalex.org/W4212986795
https://openalex.org/W4406797084,https://openalex.org/W4281639494
https://openalex.org/W4388565159,https://openalex.org/W4288698312
https://openalex.org/W4388565159,https://openalex.org/W4296836895
https://openalex.org/W4385268140,https://openalex.org/W4205325466
https://openalex.org/W4385268140,https://openalex.org/W4210294326
https://openalex.org/W4414596653,https://openalex.org/W4388484454
https://openalex.org/W4293195512,https://openalex.org/W3136360448
https://openalex.org/W4293195512,https://openalex.org/W3185570302
https://openalex.org/W4293195512,https://openalex.org/W4200433150
https://openalex.org/W4293195512,https://openalex.org/W4210731194
https://openalex.org/W4317928157,https://openalex.org/W4316116655
https://openalex.org/W4317928157,https://openalex.org/W4320059739
https://openalex.org/W7213957139,https://openalex.org/W4383876504
https://openalex.org/W7213957139,https://openalex.org/W4386789478
https://openalex.org/W7213957139,https://openalex.org/W4388001158
https://openalex.org/W7213957139,https://openalex.org/W4402630123
https://openalex.org/W7213957139,https://openalex.org/W4403560371
https://openalex.org/W7213957139,https://openalex.org/W7125976487
https://openalex.org/W4410948942,https://openalex.org/W3084641928
https://openalex.org/W4410948942,https://openalex.org/W3122725988
https://openalex.org/W4410948942,https://openalex.org/W3215369792
https://openalex.org/W4410948942,https://openalex.org/W3215689680
https://openalex.org/W4410948942,https://openalex.org/W4304889418
https://openalex.org/W4410948942,https://openalex.org/W4322775420
https://openalex.org/W4410948942,https://openalex.org/W4396511637
https://openalex.org/W4410948942,https://openalex.org/W4396820246
https://openalex.org/W4410948942,https://openalex.org/W4400560825
https://openalex.org/W4396806295,https://openalex.org/W4387954002
https://openalex.org/W4387503119,https://openalex.org/W3167316166
https://openalex.org/W4387503119,https://openalex.org/W4311001167
https://openalex.org/W4385565290,https://openalex.org/W3157227195
https://openalex.org/W4385565290,https://openalex.org/W3188868115
https://openalex.org/W4404712968,https://openalex.org/W4378675918
https://openalex.org/W4321850995,https://openalex.org/W4315701226
https://openalex.org/W4321850995,https://openalex.org/W4321850923
https://openalex.org/W4235507875,https://openalex.org/W4205434806
https://openalex.org/W4387958171,https://openalex.org/W4281695559
https://openalex.org/W4229002009,https://openalex.org/W3188985572
https://openalex.org/W4229002009,https://openalex.org/W3197464514
https://openalex.org/W4229002009,https://openalex.org/W3198535020
https://openalex.org/W4409208678,https://openalex.org/W4313909594
https://openalex.org/W4402342061,https://openalex.org/W3129711800
https://openalex.org/W4402342061,https://openalex.org/W3200021964
https://openalex.org/W4402342061,https://openalex.org/W4224871336
https://openalex.org/W4402342061,https://openalex.org/W4294864632
https://openalex.org/W4402342061,https://openalex.org/W4307125471
https://openalex.org/W4402342061,https://openalex.org/W4366352829
https://openalex.org/W4402342061,https://openalex.org/W4386083666
https://openalex.org/W4402342061,https://openalex.org/W4386485017
https://openalex.org/W4402342061,https://openalex.org/W4392590419
https://openalex.org/W7163895622,https://openalex.org/W3204966517
https://openalex.org/W4206228426,https://openalex.org/W3034663305
https://openalex.org/W4297877386,https://openalex.org/W4297877386
https://openalex.org/W7170144068,https://openalex.org/W7104023750
https://openalex.org/W4317831006,https://openalex.org/W3153626527
https://openalex.org/W4317831006,https://openalex.org/W3185980134
https://openalex.org/W4317831006,https://openalex.org/W4206197282
https://openalex.org/W4317831006,https://openalex.org/W4226087386
https://openalex.org/W4394806480,https://openalex.org/W4380881712
https://openalex.org/W4401062291,https://openalex.org/W4281767172
https://openalex.org/W4401062291,https://openalex.org/W4289518974
https://openalex.org/W4385792689,https://openalex.org/W4309149440
https://openalex.org/W4376112086,https://openalex.org/W4213449012
https://openalex.org/W4376112086,https://openalex.org/W4318716084
https://openalex.org/W4376112086,https://openalex.org/W4382930440
https://openalex.org/W4405689740,https://openalex.org/W4401097627
https://openalex.org/W4200129045,https://openalex.org/W3156823378
https://openalex.org/W4200129045,https://openalex.org/W3171157404
https://openalex.org/W4200129045,https://openalex.org/W3181777454
https://openalex.org/W4408993335,https://openalex.org/W3213976245
https://openalex.org/W4408993335,https://openalex.org/W4290803645
https://openalex.org/W4408993335,https://openalex.org/W4388282063
https://openalex.org/W4408993335,https://openalex.org/W4389435296
https://openalex.org/W4408993335,https://openalex.org/W4391280680
https://openalex.org/W4408993335,https://openalex.org/W4396735708
https://openalex.org/W4200431885,https://openalex.org/W3207118239
https://openalex.org/W4391874209,https://openalex.org/W3158564857
https://openalex.org/W4391874209,https://openalex.org/W3176852009
https://openalex.org/W4391874209,https://openalex.org/W4205904032
https://openalex.org/W4391874209,https://openalex.org/W4324122179
https://openalex.org/W4406124603,https://openalex.org/W3178648211
https://openalex.org/W4406124603,https://openalex.org/W4281395656
https://openalex.org/W4406124603,https://openalex.org/W4297541878
https://openalex.org/W4406124603,https://openalex.org/W4383550229
https://openalex.org/W4406790484,https://openalex.org/W3122018879
https://openalex.org/W4406790484,https://openalex.org/W4401983778
https://openalex.org/W4282588159,https://openalex.org/W4224015890
https://openalex.org/W4309027100,https://openalex.org/W3169909418
https://openalex.org/W4324017694,https://openalex.org/W4224079009
https://openalex.org/W4399594289,https://openalex.org/W4388183508
https://openalex.org/W4399594289,https://openalex.org/W4388183660
https://openalex.org/W4403274789,https://openalex.org/W4310785819
https://openalex.org/W4417304610,https://openalex.org/W3121709350
https://openalex.org/W4417304610,https://openalex.org/W3155550370
https://openalex.org/W4417304610,https://openalex.org/W3155806984
https://openalex.org/W4417304610,https://openalex.org/W3156446579
https://openalex.org/W4417304610,https://openalex.org/W4206154232
https://openalex.org/W4417304610,https://openalex.org/W4223438099
https://openalex.org/W4417304610,https://openalex.org/W4379208857
https://openalex.org/W4417304610,https://openalex.org/W4391025760
https://openalex.org/W4417304610,https://openalex.org/W4393973765
https://openalex.org/W4417304610,https://openalex.org/W4408540867
https://openalex.org/W4417304610,https://openalex.org/W4411078464
https://openalex.org/W4407369435,https://openalex.org/W3153905165
https://openalex.org/W4407369435,https://openalex.org/W3168036092
https://openalex.org/W4407369435,https://openalex.org/W4407369435
https://openalex.org/W4399102961,https://openalex.org/W4389607819
https://openalex.org/W4399102961,https://openalex.org/W4399102961
https://openalex.org/W4388720040,https://openalex.org/W3120784776
https://openalex.org/W4388720040,https://openalex.org/W3135010812
https://openalex.org/W4388720040,https://openalex.org/W3194052897
https://openalex.org/W4388720040,https://openalex.org/W4388901662
https://openalex.org/W4285731767,https://openalex.org/W3169454482
https://openalex.org/W4400099314,https://openalex.org/W4214715621
https://openalex.org/W4400099314,https://openalex.org/W4386136183
https://openalex.org/W4319443457,https://openalex.org/W3137656104
https://openalex.org/W4319443457,https://openalex.org/W3191584660
https://openalex.org/W4319443457,https://openalex.org/W4285079161
https://openalex.org/W4319443457,https://openalex.org/W4290725175
https://openalex.org/W4406730663,https://openalex.org/W4292493671
https://openalex.org/W4406730663,https://openalex.org/W4293795249
https://openalex.org/W4406730663,https://openalex.org/W4386577179
https://openalex.org/W4406730663,https://openalex.org/W4390685342
https://openalex.org/W4406730663,https://openalex.org/W4393350147
https://openalex.org/W7140328412,https://openalex.org/W4317543092
https://openalex.org/W4411346165,https://openalex.org/W3163305932
https://openalex.org/W4411346165,https://openalex.org/W4400558410
https://openalex.org/W4382362863,https://openalex.org/W3172038393
https://openalex.org/W4382362863,https://openalex.org/W3200883005
https://openalex.org/W4382362863,https://openalex.org/W3211723386
https://openalex.org/W4382362863,https://openalex.org/W4200608449
https://openalex.org/W4382362863,https://openalex.org/W4377823342
https://openalex.org/W4392986457,https://openalex.org/W4313682897
https://openalex.org/W4392986457,https://openalex.org/W4360614605
https://openalex.org/W4392986457,https://openalex.org/W4382363441
https://openalex.org/W4412400849,https://openalex.org/W4412400849
https://openalex.org/W4221045273,https://openalex.org/W3198497689
https://openalex.org/W4401182412,https://openalex.org/W4242851664
https://openalex.org/W4401182412,https://openalex.org/W4401182412
https://openalex.org/W3085116199,https://openalex.org/W3086942018
https://openalex.org/W4395669858,https://openalex.org/W3125602806
https://openalex.org/W4395669858,https://openalex.org/W3201656105
https://openalex.org/W4395669858,https://openalex.org/W4225818051
https://openalex.org/W4395669858,https://openalex.org/W4308891310
https://openalex.org/W4395669858,https://openalex.org/W4388757477
https://openalex.org/W4399238927,https://openalex.org/W3138730729
https://openalex.org/W4399238927,https://openalex.org/W3187769763
https://openalex.org/W4399238927,https://openalex.org/W3213282821
https://openalex.org/W4399238927,https://openalex.org/W4210857417
https://openalex.org/W4399238927,https://openalex.org/W4312052252
https://openalex.org/W4399238927,https://openalex.org/W4366993059
https://openalex.org/W4381380872,https://openalex.org/W4223451023
https://openalex.org/W4411039183,https://openalex.org/W3207461822
https://openalex.org/W4411039183,https://openalex.org/W4308209137
https://openalex.org/W4385971643,https://openalex.org/W4225166092
https://openalex.org/W4415836984,https://openalex.org/W3211422942
https://openalex.org/W4415836984,https://openalex.org/W4380344694
https://openalex.org/W4415836984,https://openalex.org/W4387569857
https://openalex.org/W4403603305,https://openalex.org/W2963002078
https://openalex.org/W4403603305,https://openalex.org/W3112618968
https://openalex.org/W4403603305,https://openalex.org/W3131624221
https://openalex.org/W4403603305,https://openalex.org/W3178960719
https://openalex.org/W4403603305,https://openalex.org/W4221161568
https://openalex.org/W4403603305,https://openalex.org/W4383620425
https://openalex.org/W4410364351,https://openalex.org/W4386501171
https://openalex.org/W4410364351,https://openalex.org/W4389983138
https://openalex.org/W4410364351,https://openalex.org/W4399804170
https://openalex.org/W4410364351,https://openalex.org/W4406157736
https://openalex.org/W4410364351,https://openalex.org/W4407744768
https://openalex.org/W7164994932,https://openalex.org/W4317926929
https://openalex.org/W4281706473,https://openalex.org/W3119512660
https://openalex.org/W4281706473,https://openalex.org/W3181562686
https://openalex.org/W4281706473,https://openalex.org/W4206557649
https://openalex.org/W4385759092,https://openalex.org/W3136363808
https://openalex.org/W4385759092,https://openalex.org/W4384103778
https://openalex.org/W4283069973,https://openalex.org/W3122059388
https://openalex.org/W4283069973,https://openalex.org/W3163769242
https://openalex.org/W4283069973,https://openalex.org/W4206974933
https://openalex.org/W4407412252,https://openalex.org/W4319663851
https://openalex.org/W4407412252,https://openalex.org/W4379805321
https://openalex.org/W4381149125,https://openalex.org/W3181388921
https://openalex.org/W4381149125,https://openalex.org/W4214624088
https://openalex.org/W4280489009,https://openalex.org/W3140147863
https://openalex.org/W4416329833,https://openalex.org/W4366123937
https://openalex.org/W4416329833,https://openalex.org/W4392344868
https://openalex.org/W4416329833,https://openalex.org/W4394564357
https://openalex.org/W4416329833,https://openalex.org/W4397006217
https://openalex.org/W4416329833,https://openalex.org/W4407126877
https://openalex.org/W4388752701,https://openalex.org/W3120991620
https://openalex.org/W4388752701,https://openalex.org/W3179791530
https://openalex.org/W3174393458,https://openalex.org/W3128110586
https://openalex.org/W4392576758,https://openalex.org/W2963002078
https://openalex.org/W4392576758,https://openalex.org/W3112618968
https://openalex.org/W4392576758,https://openalex.org/W3178960719
https://openalex.org/W4392576758,https://openalex.org/W4221078539
https://openalex.org/W4392576758,https://openalex.org/W4221083962
https://openalex.org/W4392576758,https://openalex.org/W4311322561
https://openalex.org/W4392576758,https://openalex.org/W4312108281
https://openalex.org/W4408003134,https://openalex.org/W4200512536
https://openalex.org/W4408003134,https://openalex.org/W4206590563
https://openalex.org/W4408003134,https://openalex.org/W4221002349
https://openalex.org/W4408003134,https://openalex.org/W4302303966
https://openalex.org/W4408003134,https://openalex.org/W4388265872
https://openalex.org/W4408003134,https://openalex.org/W4395118114
https://openalex.org/W4285084678,https://openalex.org/W3158834634
https://openalex.org/W4285084678,https://openalex.org/W3169909418
https://openalex.org/W4285084678,https://openalex.org/W3206212349
https://openalex.org/W4285084678,https://openalex.org/W4205799335
https://openalex.org/W4408812568,https://openalex.org/W4384521413
https://openalex.org/W4408812568,https://openalex.org/W4408812568
https://openalex.org/W4408662430,https://openalex.org/W4400088811
https://openalex.org/W4388811642,https://openalex.org/W3198335193
https://openalex.org/W4389794559,https://openalex.org/W4205910918
https://openalex.org/W4386727901,https://openalex.org/W4292834532
https://openalex.org/W4386170440,https://openalex.org/W4312160059
https://openalex.org/W4399807512,https://openalex.org/W3120784776
https://openalex.org/W4399807512,https://openalex.org/W4312645560
https://openalex.org/W4399807512,https://openalex.org/W4313518310
https://openalex.org/W4399807512,https://openalex.org/W4317743656
https://openalex.org/W4399807512,https://openalex.org/W4402688840
https://openalex.org/W4383227992,https://openalex.org/W4309702764
https://openalex.org/W3191053406,https://openalex.org/W3128239482
https://openalex.org/W4362732942,https://openalex.org/W3125193838
https://openalex.org/W4362732942,https://openalex.org/W3127676697
https://openalex.org/W4362732942,https://openalex.org/W4224241643
https://openalex.org/W4379877504,https://openalex.org/W4210416610
https://openalex.org/W4379877504,https://openalex.org/W4386167784
https://openalex.org/W7140189877,https://openalex.org/W4385638969
https://openalex.org/W4283798490,https://openalex.org/W3046936966
https://openalex.org/W7214501917,https://openalex.org/W3136908744
https://openalex.org/W7214501917,https://openalex.org/W4410002754
https://openalex.org/W4409707789,https://openalex.org/W3215369792
https://openalex.org/W4409707789,https://openalex.org/W3215689680
https://openalex.org/W4409707789,https://openalex.org/W3217807877
https://openalex.org/W4409707789,https://openalex.org/W4322775420
https://openalex.org/W4409707789,https://openalex.org/W4323651929
https://openalex.org/W4409707789,https://openalex.org/W4386185084
https://openalex.org/W4409707789,https://openalex.org/W4396511637
https://openalex.org/W4409707789,https://openalex.org/W4404034510
https://openalex.org/W7164413752,https://openalex.org/W4205880340
https://openalex.org/W4402983622,https://openalex.org/W3112618968
https://openalex.org/W3215594952,https://openalex.org/W3215689680
https://openalex.org/W4391340910,https://openalex.org/W3211570432
https://openalex.org/W4391340910,https://openalex.org/W4212947648
https://openalex.org/W4391340910,https://openalex.org/W4308498415
https://openalex.org/W4391340910,https://openalex.org/W4311086240
https://openalex.org/W4391340910,https://openalex.org/W4366605716
https://openalex.org/W4387500960,https://openalex.org/W3122505511
https://openalex.org/W4387500960,https://openalex.org/W3179729310
https://openalex.org/W4387500960,https://openalex.org/W4280607484
https://openalex.org/W4409975883,https://openalex.org/W4200361400
https://openalex.org/W4409975883,https://openalex.org/W4396552434
https://openalex.org/W4409975883,https://openalex.org/W4408593207
https://openalex.org/W4401328989,https://openalex.org/W4313476622
https://openalex.org/W4401328989,https://openalex.org/W4383502995
https://openalex.org/W4401328989,https://openalex.org/W4386640424
https://openalex.org/W4402348866,https://openalex.org/W4210541395
https://openalex.org/W4402348866,https://openalex.org/W4212921297
https://openalex.org/W4402348866,https://openalex.org/W4393930340
https://openalex.org/W4402348866,https://openalex.org/W4399229443
https://openalex.org/W4410280580,https://openalex.org/W4285087937
https://openalex.org/W4410280580,https://openalex.org/W4289755677
https://openalex.org/W4410280580,https://openalex.org/W4307585183
https://openalex.org/W4410280580,https://openalex.org/W4384126558
https://openalex.org/W4410280580,https://openalex.org/W4405536722
https://openalex.org/W4402916593,https://openalex.org/W4308237197
https://openalex.org/W4402916593,https://openalex.org/W4398771436
https://openalex.org/W4293224316,https://openalex.org/W3129586388
https://openalex.org/W4323294935,https://openalex.org/W4310805930
https://openalex.org/W4387259246,https://openalex.org/W4312112726
https://openalex.org/W4403577881,https://openalex.org/W4306316999
https://openalex.org/W4388978046,https://openalex.org/W3213030435
https://openalex.org/W4200528306,https://openalex.org/W3128110586
https://openalex.org/W4200528306,https://openalex.org/W3174393458
https://openalex.org/W4301384489,https://openalex.org/W3136256210
https://openalex.org/W4417354426,https://openalex.org/W4206242836
https://openalex.org/W4417354426,https://openalex.org/W4361304792
https://openalex.org/W4417354426,https://openalex.org/W4402751498
https://openalex.org/W4404435960,https://openalex.org/W4281662817
https://openalex.org/W4210416610,https://openalex.org/W3120692788
https://openalex.org/W7212080501,https://openalex.org/W4378953690
https://openalex.org/W7212080501,https://openalex.org/W4400883069
https://openalex.org/W7212080501,https://openalex.org/W4404790179
https://openalex.org/W7212080501,https://openalex.org/W4406277833
https://openalex.org/W4367671437,https://openalex.org/W4311885711
https://openalex.org/W4367671437,https://openalex.org/W4380881712
https://openalex.org/W7127567445,https://openalex.org/W4390939276
https://openalex.org/W7127567445,https://openalex.org/W4406457546
https://openalex.org/W7127567445,https://openalex.org/W4407937569
https://openalex.org/W7127567445,https://openalex.org/W4413320337
https://openalex.org/W4384696814,https://openalex.org/W3139542841
https://openalex.org/W4384696814,https://openalex.org/W3156546236
https://openalex.org/W4384696814,https://openalex.org/W3187630655
https://openalex.org/W4384696814,https://openalex.org/W3194023449
https://openalex.org/W4384696814,https://openalex.org/W4280532161
https://openalex.org/W4384696814,https://openalex.org/W4289835801
https://openalex.org/W4405315895,https://openalex.org/W3206437981
https://openalex.org/W4405315895,https://openalex.org/W4212956389
https://openalex.org/W4405315895,https://openalex.org/W4379388866
https://openalex.org/W4405315895,https://openalex.org/W4399399549
https://openalex.org/W4405315895,https://openalex.org/W4401458030
https://openalex.org/W4411050629,https://openalex.org/W4206416344
https://openalex.org/W4411050629,https://openalex.org/W4300863670
https://openalex.org/W4411050629,https://openalex.org/W4319592726
https://openalex.org/W4411050629,https://openalex.org/W4365509636
https://openalex.org/W4411050629,https://openalex.org/W4389434546
https://openalex.org/W4411050629,https://openalex.org/W4391810954
https://openalex.org/W4411050629,https://openalex.org/W4401718945
https://openalex.org/W4411050629,https://openalex.org/W4404465383
https://openalex.org/W4411050629,https://openalex.org/W4406759197
https://openalex.org/W4411050629,https://openalex.org/W4407561200
https://openalex.org/W4311480767,https://openalex.org/W3158981226
https://openalex.org/W4311480767,https://openalex.org/W3165622871
https://openalex.org/W4390037316,https://openalex.org/W4210347092
https://openalex.org/W3214280582,https://openalex.org/W3126627207
https://openalex.org/W3214280582,https://openalex.org/W3135123986
https://openalex.org/W4411045628,https://openalex.org/W3216107797
https://openalex.org/W4386835059,https://openalex.org/W3122929861
https://openalex.org/W4386835059,https://openalex.org/W4200450154
https://openalex.org/W4386835059,https://openalex.org/W4220881793
https://openalex.org/W4386835059,https://openalex.org/W4294266274
https://openalex.org/W4386835059,https://openalex.org/W4311446162
https://openalex.org/W4386835059,https://openalex.org/W4319072926
https://openalex.org/W4386835059,https://openalex.org/W4321081151
https://openalex.org/W4386835059,https://openalex.org/W4381110663
https://openalex.org/W4386835059,https://openalex.org/W4394974518
https://openalex.org/W4385608214,https://openalex.org/W3174184361
https://openalex.org/W3180799306,https://openalex.org/W3119224404
https://openalex.org/W3180799306,https://openalex.org/W3170486725
https://openalex.org/W4410872393,https://openalex.org/W3122505511
https://openalex.org/W4394978232,https://openalex.org/W4211034950
https://openalex.org/W4394978232,https://openalex.org/W4387393951
https://openalex.org/W7163672928,https://openalex.org/W3134195618
https://openalex.org/W7163672928,https://openalex.org/W3177664440
https://openalex.org/W7163672928,https://openalex.org/W4401158292
https://openalex.org/W7163672928,https://openalex.org/W7118457148
https://openalex.org/W7214062977,https://openalex.org/W4220934968
https://openalex.org/W7214062977,https://openalex.org/W4377089095
https://openalex.org/W7214062977,https://openalex.org/W7138834666
https://openalex.org/W7168264498,https://openalex.org/W4221127539
https://openalex.org/W7168264498,https://openalex.org/W4312204992
https://openalex.org/W7168264498,https://openalex.org/W7128818531
https://openalex.org/W7161719009,https://openalex.org/W4408976136
https://openalex.org/W7161719009,https://openalex.org/W4415255955
https://openalex.org/W4414431136,https://openalex.org/W3213657016
https://openalex.org/W4391109490,https://openalex.org/W3130566328
https://openalex.org/W4391109490,https://openalex.org/W3174375172
https://openalex.org/W4391109490,https://openalex.org/W3184319873
https://openalex.org/W4391109490,https://openalex.org/W4210310905
https://openalex.org/W4391109490,https://openalex.org/W4292454820
https://openalex.org/W4391109490,https://openalex.org/W4304587499
https://openalex.org/W4391109490,https://openalex.org/W4385439370
https://openalex.org/W4404378610,https://openalex.org/W3108723356
https://openalex.org/W4404378610,https://openalex.org/W4292379602
https://openalex.org/W4404378610,https://openalex.org/W4292651677
https://openalex.org/W4404378610,https://openalex.org/W4297109637
https://openalex.org/W4404378610,https://openalex.org/W4384931599
https://openalex.org/W4404378610,https://openalex.org/W4385858140
https://openalex.org/W4404378610,https://openalex.org/W4391988510
https://openalex.org/W4398150900,https://openalex.org/W4391305011
https://openalex.org/W4398150900,https://openalex.org/W4399401547
https://openalex.org/W7117961864,https://openalex.org/W4396809722
https://openalex.org/W7117961864,https://openalex.org/W4400942876
https://openalex.org/W7117961864,https://openalex.org/W4404733359
https://openalex.org/W4319657202,https://openalex.org/W4286456962
https://openalex.org/W4389435296,https://openalex.org/W3123337881
https://openalex.org/W4389435296,https://openalex.org/W3213976245
https://openalex.org/W4389435296,https://openalex.org/W4388282063
https://openalex.org/W4220686403,https://openalex.org/W3126665462
https://openalex.org/W4220686403,https://openalex.org/W3136533732
https://openalex.org/W4220686403,https://openalex.org/W3153769838
https://openalex.org/W4220686403,https://openalex.org/W3194936931
https://openalex.org/W4220686403,https://openalex.org/W3195176717
https://openalex.org/W4220686403,https://openalex.org/W4226115479
https://openalex.org/W4220686403,https://openalex.org/W4243447653
https://openalex.org/W4220686403,https://openalex.org/W4285732530
https://openalex.org/W4403253117,https://openalex.org/W3126627207
https://openalex.org/W4403253117,https://openalex.org/W4310949003
https://openalex.org/W4403253117,https://openalex.org/W4387241604
https://openalex.org/W4410288505,https://openalex.org/W4307415559
https://openalex.org/W4214929307,https://openalex.org/W3122248118
https://openalex.org/W4214929307,https://openalex.org/W4214929307
https://openalex.org/W7147405152,https://openalex.org/W4407187238
https://openalex.org/W7147405152,https://openalex.org/W4413857264
https://openalex.org/W4401514598,https://openalex.org/W4377238934
https://openalex.org/W4381433107,https://openalex.org/W4281772265
https://openalex.org/W4381433107,https://openalex.org/W4286252674
https://openalex.org/W4381433107,https://openalex.org/W4289831378
https://openalex.org/W7130584816,https://openalex.org/W4409015780
https://openalex.org/W7130568251,https://openalex.org/W4212921297
https://openalex.org/W7130568251,https://openalex.org/W4393930340
https://openalex.org/W7130568251,https://openalex.org/W4399229443
https://openalex.org/W7130568251,https://openalex.org/W4402348866
https://openalex.org/W7130568251,https://openalex.org/W4413116899
https://openalex.org/W4409867551,https://openalex.org/W4391780892
https://openalex.org/W4409867551,https://openalex.org/W4409867551
https://openalex.org/W7116769495,https://openalex.org/W4411236054
https://openalex.org/W4376604328,https://openalex.org/W2182589045
https://openalex.org/W4376604328,https://openalex.org/W3126737939
https://openalex.org/W4376604328,https://openalex.org/W4316037804
https://openalex.org/W4404449889,https://openalex.org/W3128834303
https://openalex.org/W4404449889,https://openalex.org/W4377940548
https://openalex.org/W4297370142,https://openalex.org/W3119232002
https://openalex.org/W4318819237,https://openalex.org/W3198097576
https://openalex.org/W4409533307,https://openalex.org/W4281803236
https://openalex.org/W4410578863,https://openalex.org/W4312898644
https://openalex.org/W4311167247,https://openalex.org/W3135747102
https://openalex.org/W4311167247,https://openalex.org/W4290844201
https://openalex.org/W4311167247,https://openalex.org/W4311167247
https://openalex.org/W4408612604,https://openalex.org/W4386546307
https://openalex.org/W4410628768,https://openalex.org/W4406213960
https://openalex.org/W4378953432,https://openalex.org/W3162960186
https://openalex.org/W4378953432,https://openalex.org/W4212802700
https://openalex.org/W4378953432,https://openalex.org/W4287307591
https://openalex.org/W7203453164,https://openalex.org/W4411931896
https://openalex.org/W4410085479,https://openalex.org/W4392123796
https://openalex.org/W4415495038,https://openalex.org/W4406311112
https://openalex.org/W4389485330,https://openalex.org/W4200210665
https://openalex.org/W4415926663,https://openalex.org/W4394785171
https://openalex.org/W4415926663,https://openalex.org/W4411078553
https://openalex.org/W4386141621,https://openalex.org/W3119515864
https://openalex.org/W4386141621,https://openalex.org/W3124143825
https://openalex.org/W4386141621,https://openalex.org/W3131968008
https://openalex.org/W4386141621,https://openalex.org/W4304789162
https://openalex.org/W4387324486,https://openalex.org/W4386287045
https://openalex.org/W7166468453,https://openalex.org/W3122505511
https://openalex.org/W7166468453,https://openalex.org/W4313528339
https://openalex.org/W4391322029,https://openalex.org/W4309474903
https://openalex.org/W4410784889,https://openalex.org/W3120110960
https://openalex.org/W4410784889,https://openalex.org/W4297902843
https://openalex.org/W4390604379,https://openalex.org/W3185053343
https://openalex.org/W4390604379,https://openalex.org/W3188331302
https://openalex.org/W4390604379,https://openalex.org/W4283655887
https://openalex.org/W4390604379,https://openalex.org/W4316022300
https://openalex.org/W4293180714,https://openalex.org/W3209552201
https://openalex.org/W4405103997,https://openalex.org/W4284899330
https://openalex.org/W4405103997,https://openalex.org/W4310501965
https://openalex.org/W4405103997,https://openalex.org/W4387885801
https://openalex.org/W4200366824,https://openalex.org/W4200250447
https://openalex.org/W4416795165,https://openalex.org/W3127955572
https://openalex.org/W4416795165,https://openalex.org/W3130110303
https://openalex.org/W4416795165,https://openalex.org/W3183401208
https://openalex.org/W4416795165,https://openalex.org/W3211570432
https://openalex.org/W4416795165,https://openalex.org/W3213976245
https://openalex.org/W4416795165,https://openalex.org/W4308498415
https://openalex.org/W4416795165,https://openalex.org/W4311086240
https://openalex.org/W4416795165,https://openalex.org/W4366605716
https://openalex.org/W4416795165,https://openalex.org/W4387503581
https://openalex.org/W4416795165,https://openalex.org/W4388895464
https://openalex.org/W4416795165,https://openalex.org/W4389435296
https://openalex.org/W4416795165,https://openalex.org/W4391340910
https://openalex.org/W4416795165,https://openalex.org/W4399970858
https://openalex.org/W4416795165,https://openalex.org/W4400099204
https://openalex.org/W4416795165,https://openalex.org/W4400447652
https://openalex.org/W4416795165,https://openalex.org/W4400884047
https://openalex.org/W4416795165,https://openalex.org/W4402479734
https://openalex.org/W4416795165,https://openalex.org/W4405596277
https://openalex.org/W4416795165,https://openalex.org/W4408593457
https://openalex.org/W4416795165,https://openalex.org/W4409640777
https://openalex.org/W4416795165,https://openalex.org/W4409922583
https://openalex.org/W4416795165,https://openalex.org/W4409953705
https://openalex.org/W4416795165,https://openalex.org/W4409990392
https://openalex.org/W4416795165,https://openalex.org/W4411061051
https://openalex.org/W4416795165,https://openalex.org/W4413436310
https://openalex.org/W4416795165,https://openalex.org/W4415717067
https://openalex.org/W4377101750,https://openalex.org/W3172592264
https://openalex.org/W4391807435,https://openalex.org/W3133526164
https://openalex.org/W4391807435,https://openalex.org/W3194052897
https://openalex.org/W4391807435,https://openalex.org/W4210731194
https://openalex.org/W4391807435,https://openalex.org/W4213289503
https://openalex.org/W4391807435,https://openalex.org/W4285526078
https://openalex.org/W4391807435,https://openalex.org/W4293195512
https://openalex.org/W4391807435,https://openalex.org/W4312645560
https://openalex.org/W4391807435,https://openalex.org/W4313518310
https://openalex.org/W4391807435,https://openalex.org/W4379259674
https://openalex.org/W4391807435,https://openalex.org/W4385453616
https://openalex.org/W4388655113,https://openalex.org/W3160239434
https://openalex.org/W4400848436,https://openalex.org/W4290058854
https://openalex.org/W4400848436,https://openalex.org/W4322583975
https://openalex.org/W4413393888,https://openalex.org/W4313017280
https://openalex.org/W4413393888,https://openalex.org/W4319997956
https://openalex.org/W7169152213,https://openalex.org/W4402589648
https://openalex.org/W7169152213,https://openalex.org/W4409882835
https://openalex.org/W7169152213,https://openalex.org/W7118469379
https://openalex.org/W4391724888,https://openalex.org/W4324319300
https://openalex.org/W7135012392,https://openalex.org/W4400356766
https://openalex.org/W4413930693,https://openalex.org/W4406213960
https://openalex.org/W3157468053,https://openalex.org/W3118875409
https://openalex.org/W4319072926,https://openalex.org/W3191420927
https://openalex.org/W4319072926,https://openalex.org/W4220881793
https://openalex.org/W4319072926,https://openalex.org/W4288074629
https://openalex.org/W4319072926,https://openalex.org/W4294266274
https://openalex.org/W4415887252,https://openalex.org/W4396882537
https://openalex.org/W4415887252,https://openalex.org/W4398796135
https://openalex.org/W4415887252,https://openalex.org/W4399198002
https://openalex.org/W4415887252,https://openalex.org/W3112618968
https://openalex.org/W4415887252,https://openalex.org/W4409871480
https://openalex.org/W4415887252,https://openalex.org/W4401211033
https://openalex.org/W4415887252,https://openalex.org/W4394905311
https://openalex.org/W4415887252,https://openalex.org/W3178960719
https://openalex.org/W4415887252,https://openalex.org/W4408003660
https://openalex.org/W4415887252,https://openalex.org/W4285371578
https://openalex.org/W4415887252,https://openalex.org/W4387894048
https://openalex.org/W4415887252,https://openalex.org/W4386475257
https://openalex.org/W4415887252,https://openalex.org/W4385495897
https://openalex.org/W4415887252,https://openalex.org/W4384201411
https://openalex.org/W4415887252,https://openalex.org/W4283803434
https://openalex.org/W4415887252,https://openalex.org/W4387730272
https://openalex.org/W4400495502,https://openalex.org/W4280577216
https://openalex.org/W4400495502,https://openalex.org/W4320710304
https://openalex.org/W4414082365,https://openalex.org/W3183210997
https://openalex.org/W4414082365,https://openalex.org/W4395042291
https://openalex.org/W4414082365,https://openalex.org/W4401104226
https://openalex.org/W4414082365,https://openalex.org/W4407968045
https://openalex.org/W4414082365,https://openalex.org/W4412399546
https://openalex.org/W7131091360,https://openalex.org/W3135793359
https://openalex.org/W7171076677,https://openalex.org/W3162960186
https://openalex.org/W7171076677,https://openalex.org/W4378953432
https://openalex.org/W4414210246,https://openalex.org/W4391093839
https://openalex.org/W4414210246,https://openalex.org/W4391095014
https://openalex.org/W4414210246,https://openalex.org/W4391986756
https://openalex.org/W4414210246,https://openalex.org/W4393183862
https://openalex.org/W4414210246,https://openalex.org/W4399282167
https://openalex.org/W4414210246,https://openalex.org/W4400409906
https://openalex.org/W4414210246,https://openalex.org/W4405755277
https://openalex.org/W4414210246,https://openalex.org/W4407357370
https://openalex.org/W7114789498,https://openalex.org/W3123212709
https://openalex.org/W7114789498,https://openalex.org/W4416816615
https://openalex.org/W7171414588,https://openalex.org/W4226083552
https://openalex.org/W7171414588,https://openalex.org/W4285223321
https://openalex.org/W7171414588,https://openalex.org/W4307676185
https://openalex.org/W7171414588,https://openalex.org/W4308954783
https://openalex.org/W7171414588,https://openalex.org/W4405261046
https://openalex.org/W4372214840,https://openalex.org/W3129426031
https://openalex.org/W4372214840,https://openalex.org/W3204199008
https://openalex.org/W4411437491,https://openalex.org/W4385643510
https://openalex.org/W4409032387,https://openalex.org/W3176852009
https://openalex.org/W4409032387,https://openalex.org/W3212711117
https://openalex.org/W4409032387,https://openalex.org/W4205419016
https://openalex.org/W4409032387,https://openalex.org/W4205904032
https://openalex.org/W4409032387,https://openalex.org/W4324122179
https://openalex.org/W4409032387,https://openalex.org/W4366178537
https://openalex.org/W4409032387,https://openalex.org/W4377089095
https://openalex.org/W4409032387,https://openalex.org/W4391146671
https://openalex.org/W4409032387,https://openalex.org/W4391874209
https://openalex.org/W4362663307,https://openalex.org/W4294190194
https://openalex.org/W4401041972,https://openalex.org/W3200154406
https://openalex.org/W4401041972,https://openalex.org/W4365563289
https://openalex.org/W4401041972,https://openalex.org/W4376629381
https://openalex.org/W4400605921,https://openalex.org/W3159555367
https://openalex.org/W4400605921,https://openalex.org/W4310801087
https://openalex.org/W4396511637,https://openalex.org/W3215689680
https://openalex.org/W4396511637,https://openalex.org/W3217807877
https://openalex.org/W4396511637,https://openalex.org/W4319752452
https://openalex.org/W4396511637,https://openalex.org/W4323651929
https://openalex.org/W4396511637,https://openalex.org/W4386185084
https://openalex.org/W4414190595,https://openalex.org/W4399855228
https://openalex.org/W4414190595,https://openalex.org/W4407923492
https://openalex.org/W4405523416,https://openalex.org/W3151634233
https://openalex.org/W4405523416,https://openalex.org/W3168917506
https://openalex.org/W7135019200,https://openalex.org/W3118346788
https://openalex.org/W7135019200,https://openalex.org/W3208957374
https://openalex.org/W7135019200,https://openalex.org/W7127601426
https://openalex.org/W4294626342,https://openalex.org/W3195555602
https://openalex.org/W4407797891,https://openalex.org/W4386083666
https://openalex.org/W4407797891,https://openalex.org/W4403253117
https://openalex.org/W4296196475,https://openalex.org/W3183657766
https://openalex.org/W4416778655,https://openalex.org/W4312645560
https://openalex.org/W4416778655,https://openalex.org/W4379259674
https://openalex.org/W4416778655,https://openalex.org/W4385453616
https://openalex.org/W4416778655,https://openalex.org/W4386159341
https://openalex.org/W4416778655,https://openalex.org/W4400350703
https://openalex.org/W4416778655,https://openalex.org/W4402686870
https://openalex.org/W4416778655,https://openalex.org/W4412986603
https://openalex.org/W4308482096,https://openalex.org/W4229072170
https://openalex.org/W4415634615,https://openalex.org/W4403456065
https://openalex.org/W3201240812,https://openalex.org/W3158834634
https://openalex.org/W4387950718,https://openalex.org/W4287509796
https://openalex.org/W4408375948,https://openalex.org/W3157140118
https://openalex.org/W4408375948,https://openalex.org/W3215181653
https://openalex.org/W4393144915,https://openalex.org/W4285217068
https://openalex.org/W4393144915,https://openalex.org/W4286620286
https://openalex.org/W4393144915,https://openalex.org/W4361029949
https://openalex.org/W4393144915,https://openalex.org/W4386159140
https://openalex.org/W4409204526,https://openalex.org/W4220830056
https://openalex.org/W4409204526,https://openalex.org/W4308620314
https://openalex.org/W4409204526,https://openalex.org/W4392198947
https://openalex.org/W3205113550,https://openalex.org/W3133917447
https://openalex.org/W7154966149,https://openalex.org/W3168036092
https://openalex.org/W7154966149,https://openalex.org/W4321792410
https://openalex.org/W7154966149,https://openalex.org/W4386170440
https://openalex.org/W7154966149,https://openalex.org/W4406250663
https://openalex.org/W4361304792,https://openalex.org/W4206242836
https://openalex.org/W3185651906,https://openalex.org/W3127955572
https://openalex.org/W3179937490,https://openalex.org/W3112618968
https://openalex.org/W4282923625,https://openalex.org/W3186165690
https://openalex.org/W4381613090,https://openalex.org/W3126074238
https://openalex.org/W4402306562,https://openalex.org/W2963002078
https://openalex.org/W4402306562,https://openalex.org/W3120569425
https://openalex.org/W4402306562,https://openalex.org/W4401211033
https://openalex.org/W7164760210,https://openalex.org/W4415357352
https://openalex.org/W4400184539,https://openalex.org/W4220875866
https://openalex.org/W4407269857,https://openalex.org/W4401215029
https://openalex.org/W4380853240,https://openalex.org/W3126627207
https://openalex.org/W4380853240,https://openalex.org/W3136002517
https://openalex.org/W4380853240,https://openalex.org/W3197848201
https://openalex.org/W4380853240,https://openalex.org/W4284958937
https://openalex.org/W4380853240,https://openalex.org/W4313214456
https://openalex.org/W4380853240,https://openalex.org/W4367044528
https://openalex.org/W4413195980,https://openalex.org/W3214627820
https://openalex.org/W4413195980,https://openalex.org/W4210355398
https://openalex.org/W4413195980,https://openalex.org/W4378527889
https://openalex.org/W4413195980,https://openalex.org/W4402595702
https://openalex.org/W4402466384,https://openalex.org/W3161063851
https://openalex.org/W4402466384,https://openalex.org/W4319442556
https://openalex.org/W4402466384,https://openalex.org/W4381308402
https://openalex.org/W4402466384,https://openalex.org/W4382630818
https://openalex.org/W4402466384,https://openalex.org/W4387529101
https://openalex.org/W4402466384,https://openalex.org/W4390755734
https://openalex.org/W7204249784,https://openalex.org/W3126369185
https://openalex.org/W7130715429,https://openalex.org/W3125762071
https://openalex.org/W7130715429,https://openalex.org/W3189015187
https://openalex.org/W7130715429,https://openalex.org/W4323687959
https://openalex.org/W7130715429,https://openalex.org/W4410605099
https://openalex.org/W4411093583,https://openalex.org/W4311064237
https://openalex.org/W4403426528,https://openalex.org/W4306174571
https://openalex.org/W4407252138,https://openalex.org/W4391734899
https://openalex.org/W4407252138,https://openalex.org/W4404487004
https://openalex.org/W3204716577,https://openalex.org/W3124585421
https://openalex.org/W3204716577,https://openalex.org/W3137133566
https://openalex.org/W3204716577,https://openalex.org/W3170614875
https://openalex.org/W4414699431,https://openalex.org/W4401211033
https://openalex.org/W4414699431,https://openalex.org/W4394905311
https://openalex.org/W4411857770,https://openalex.org/W3118535008
https://openalex.org/W4411857770,https://openalex.org/W4224320189
https://openalex.org/W4411857770,https://openalex.org/W4319442556
https://openalex.org/W4411857770,https://openalex.org/W4380789547
https://openalex.org/W4411857770,https://openalex.org/W4382630818
https://openalex.org/W4411857770,https://openalex.org/W4392517487
https://openalex.org/W3175335468,https://openalex.org/W3175335468
https://openalex.org/W4402027801,https://openalex.org/W3122682726
https://openalex.org/W4402027801,https://openalex.org/W3212927816
https://openalex.org/W4402027801,https://openalex.org/W4308179883
https://openalex.org/W4402027801,https://openalex.org/W4323036290
https://openalex.org/W4402027801,https://openalex.org/W4384119938
https://openalex.org/W4402027801,https://openalex.org/W4396723559
https://openalex.org/W4402027801,https://openalex.org/W4399678413
https://openalex.org/W4408113566,https://openalex.org/W3180308285
https://openalex.org/W4408113566,https://openalex.org/W4205111263
https://openalex.org/W4408113566,https://openalex.org/W4308565209
https://openalex.org/W4408113566,https://openalex.org/W4401053980
https://openalex.org/W4415195334,https://openalex.org/W4200571609
https://openalex.org/W4415195334,https://openalex.org/W4391591341
https://openalex.org/W4415195334,https://openalex.org/W4400433422
https://openalex.org/W4415195334,https://openalex.org/W3112618968
https://openalex.org/W4415195334,https://openalex.org/W3179854520
https://openalex.org/W4415195334,https://openalex.org/W4400248050
https://openalex.org/W4415195334,https://openalex.org/W4401211033
https://openalex.org/W4415195334,https://openalex.org/W4394905311
https://openalex.org/W4402625831,https://openalex.org/W4366977908
https://openalex.org/W4200019837,https://openalex.org/W3161002519
https://openalex.org/W4319442556,https://openalex.org/W3118535008
https://openalex.org/W4319442556,https://openalex.org/W3211762520
https://openalex.org/W4319442556,https://openalex.org/W4224320189
https://openalex.org/W4319442556,https://openalex.org/W4293213756
https://openalex.org/W4319442556,https://openalex.org/W4303021939
https://openalex.org/W4200241157,https://openalex.org/W3127288993
https://openalex.org/W3206812573,https://openalex.org/W3129683478
https://openalex.org/W3206812573,https://openalex.org/W3203760617
https://openalex.org/W4381839070,https://openalex.org/W3092439171
https://openalex.org/W4381839070,https://openalex.org/W4317500295
https://openalex.org/W4381839070,https://openalex.org/W4381839070
https://openalex.org/W4226017481,https://openalex.org/W3036104060
https://openalex.org/W4388729266,https://openalex.org/W3184526219
https://openalex.org/W4388729266,https://openalex.org/W4282920495
https://openalex.org/W4388729266,https://openalex.org/W4377940548
https://openalex.org/W7214974273,https://openalex.org/W4321850166
https://openalex.org/W7214974273,https://openalex.org/W4379209248
https://openalex.org/W7214974273,https://openalex.org/W4403203095
https://openalex.org/W7214974273,https://openalex.org/W4405222513
https://openalex.org/W4313475740,https://openalex.org/W3156706387
https://openalex.org/W4313475740,https://openalex.org/W4205511979
https://openalex.org/W3214229048,https://openalex.org/W3110382623
https://openalex.org/W3214229048,https://openalex.org/W3183210997
https://openalex.org/W7140889342,https://openalex.org/W4205904032
https://openalex.org/W7140889342,https://openalex.org/W4405596277
https://openalex.org/W4409415992,https://openalex.org/W4388457212
https://openalex.org/W4409415992,https://openalex.org/W4409415944
https://openalex.org/W7204024591,https://openalex.org/W4293224316
https://openalex.org/W4385288700,https://openalex.org/W4282965610
https://openalex.org/W4403769154,https://openalex.org/W4386026186
https://openalex.org/W4303199843,https://openalex.org/W3157791229
https://openalex.org/W4313898413,https://openalex.org/W3203428752
https://openalex.org/W4313898413,https://openalex.org/W3208334722
https://openalex.org/W4313898413,https://openalex.org/W4214905249
https://openalex.org/W4313898413,https://openalex.org/W4282821604
https://openalex.org/W4313898413,https://openalex.org/W4308174634
https://openalex.org/W3208698242,https://openalex.org/W3129892326
https://openalex.org/W3208698242,https://openalex.org/W3167088720
https://openalex.org/W3208698242,https://openalex.org/W3208775295
https://openalex.org/W7202302952,https://openalex.org/W4400709991
https://openalex.org/W7202302952,https://openalex.org/W4401274400
https://openalex.org/W7202302952,https://openalex.org/W4414005108
https://openalex.org/W7202302952,https://openalex.org/W4417213500
https://openalex.org/W7202302952,https://openalex.org/W7140804848
https://openalex.org/W4395042803,https://openalex.org/W4378173074
https://openalex.org/W4395042803,https://openalex.org/W4383314111
https://openalex.org/W4400099657,https://openalex.org/W3133526164
https://openalex.org/W4400099657,https://openalex.org/W4310836720
https://openalex.org/W4400099657,https://openalex.org/W4312246759
https://openalex.org/W4400099657,https://openalex.org/W4400099657
https://openalex.org/W3206401170,https://openalex.org/W3136337089
https://openalex.org/W4210907203,https://openalex.org/W3184408780
https://openalex.org/W3195082158,https://openalex.org/W3129683478
https://openalex.org/W4414804777,https://openalex.org/W4321504344
https://openalex.org/W4416251571,https://openalex.org/W4312394042
https://openalex.org/W7164898947,https://openalex.org/W4386448662
https://openalex.org/W4416416882,https://openalex.org/W3168121385
https://openalex.org/W4416416882,https://openalex.org/W4285388886
https://openalex.org/W4416416882,https://openalex.org/W4411715381
https://openalex.org/W4416416882,https://openalex.org/W4414167887
https://openalex.org/W4379987678,https://openalex.org/W3195673106
https://openalex.org/W7138877414,https://openalex.org/W4387824654
https://openalex.org/W4414158067,https://openalex.org/W3199551559
https://openalex.org/W4414158067,https://openalex.org/W4293223332
https://openalex.org/W4414158067,https://openalex.org/W4323975495
https://openalex.org/W4414158067,https://openalex.org/W4389783352
https://openalex.org/W4414158067,https://openalex.org/W4400805631
https://openalex.org/W4379879274,https://openalex.org/W4206433455
https://openalex.org/W4281630196,https://openalex.org/W3201527056
https://openalex.org/W7128294475,https://openalex.org/W3164962350
https://openalex.org/W7128294475,https://openalex.org/W3169530204
https://openalex.org/W7128294475,https://openalex.org/W4224871336
https://openalex.org/W7128294475,https://openalex.org/W4307125471
https://openalex.org/W7128294475,https://openalex.org/W4388018939
https://openalex.org/W7128294475,https://openalex.org/W4402266102
https://openalex.org/W4378221553,https://openalex.org/W3181562686
https://openalex.org/W4378221553,https://openalex.org/W4206557649
https://openalex.org/W4378221553,https://openalex.org/W4281706473
https://openalex.org/W4378221553,https://openalex.org/W4317583840
https://openalex.org/W4376280539,https://openalex.org/W3211998835
https://openalex.org/W4414592064,https://openalex.org/W4385638969
https://openalex.org/W4406309576,https://openalex.org/W4392011691
https://openalex.org/W4406309576,https://openalex.org/W4400648397
https://openalex.org/W4406725186,https://openalex.org/W4311108326
https://openalex.org/W4406725186,https://openalex.org/W4405530931
https://openalex.org/W4398244392,https://openalex.org/W3189697175
https://openalex.org/W4398244392,https://openalex.org/W3216107797
https://openalex.org/W4398244392,https://openalex.org/W4379116616
https://openalex.org/W3195129893,https://openalex.org/W3129108532
https://openalex.org/W3195129893,https://openalex.org/W3130366085
https://openalex.org/W3195129893,https://openalex.org/W3172845662
https://openalex.org/W4397048695,https://openalex.org/W3136256210
https://openalex.org/W4368353799,https://openalex.org/W3159700110
https://openalex.org/W4368353799,https://openalex.org/W4200470488
https://openalex.org/W7214104272,https://openalex.org/W4410828292
https://openalex.org/W7214104272,https://openalex.org/W7117299631
https://openalex.org/W7214104272,https://openalex.org/W7163326300
https://openalex.org/W4413894914,https://openalex.org/W4400491632
https://openalex.org/W7128768455,https://openalex.org/W4414309228
https://openalex.org/W4416395547,https://openalex.org/W3178664441
https://openalex.org/W4416395547,https://openalex.org/W4296885751
https://openalex.org/W4416395547,https://openalex.org/W4361215213
https://openalex.org/W4416395547,https://openalex.org/W4385740330
https://openalex.org/W4416395547,https://openalex.org/W4386155027
https://openalex.org/W4416395547,https://openalex.org/W4392560490
https://openalex.org/W4416395547,https://openalex.org/W4402792620
https://openalex.org/W7213931440,https://openalex.org/W3208775295
https://openalex.org/W7213931440,https://openalex.org/W4200031282
https://openalex.org/W7213931440,https://openalex.org/W4205407333
https://openalex.org/W7213931440,https://openalex.org/W4220702467
https://openalex.org/W4395118114,https://openalex.org/W4221002349
https://openalex.org/W4394604217,https://openalex.org/W3161569737
https://openalex.org/W4389868335,https://openalex.org/W3158564857
https://openalex.org/W4389868335,https://openalex.org/W3176852009
https://openalex.org/W4389868335,https://openalex.org/W4205904032
https://openalex.org/W4389868335,https://openalex.org/W4324122179
https://openalex.org/W4389868335,https://openalex.org/W4389868335
https://openalex.org/W4406853652,https://openalex.org/W4307243335
https://openalex.org/W4311869332,https://openalex.org/W3166466670
https://openalex.org/W4311869332,https://openalex.org/W3202309390
https://openalex.org/W7128505436,https://openalex.org/W4389991818
https://openalex.org/W7128505436,https://openalex.org/W4409626090
https://openalex.org/W7128505436,https://openalex.org/W4410192080
https://openalex.org/W7166520274,https://openalex.org/W3157279999
https://openalex.org/W4408919391,https://openalex.org/W3151151827
https://openalex.org/W4408919391,https://openalex.org/W3165060406
https://openalex.org/W4408919391,https://openalex.org/W4312178370
https://openalex.org/W4406623877,https://openalex.org/W4398243202
https://openalex.org/W4285083710,https://openalex.org/W3120013091
https://openalex.org/W7131664114,https://openalex.org/W4285294075
https://openalex.org/W4405374592,https://openalex.org/W4307021433
https://openalex.org/W4313639242,https://openalex.org/W3134615649
https://openalex.org/W4313639242,https://openalex.org/W4306688040
https://openalex.org/W4401249060,https://openalex.org/W4389749993
https://openalex.org/W7154489720,https://openalex.org/W4226455345
https://openalex.org/W7154489720,https://openalex.org/W4308644101
https://openalex.org/W7154489720,https://openalex.org/W4393943461
